Transaktionsexport;;;;;;2026-02-02 14:44:02
;;;;;;
Totalt övriga händelser;;;;;;
Datum;Bokfört;Specifikation;Ort;Valuta;Utl. belopp;Belopp
2024-12-18;2024-12-18;BETALT BG DATUM 241218;;SEK;0;-15810.96
2025-01-10;2025-01-10;BETALT BG DATUM 250110;;SEK;0;-40000
2025-01-13;2025-01-13;BETALT BG DATUM 250113;;SEK;0;-28278.52
2025-02-17;2025-02-17;BETALT BG DATUM 250217;;SEK;0;-50000
2025-02-17;2025-02-17;BETALT BG DATUM 250217;;SEK;0;-15901.02
2025-03-13;2025-03-13;BETALT BG DATUM 250313;;SEK;0;-46944.25
2025-04-28;2025-04-28;BETALT BG DATUM 250428;;SEK;0;-44346.59
2025-05-26;2025-05-26;BETALT BG DATUM 250526;;SEK;0;-63268.29
2025-06-26;2025-06-26;BETALT BG DATUM 250626;;SEK;0;-51597.17
2025-07-30;2025-07-30;BETALT BG DATUM 250730;;SEK;0;-41564.08
2025-07-31;2025-08-06;ÅRSAVGIFT;;SEK;0;2335
2025-07-31;2025-08-06;EXTRAKORTSAVGIFT;;SEK;0;295
2025-08-27;2025-08-27;BETALT BG DATUM 250827;;SEK;0;-63547.17
2025-09-26;2025-09-26;BETALT BG DATUM 250926;;SEK;0;-27833.53
2025-10-27;2025-10-27;BETALT BG DATUM 251027;;SEK;0;-33298.8
2025-11-26;2025-11-26;BETALT BG DATUM 251126;;SEK;0;-33796.55
2025-12-29;2026-01-02;BETALT BG DATUM 251229;;SEK;0;-26006.32
2026-01-26;2026-01-26;BETALT BG DATUM 260126;;SEK;0;-58991.76
;;Summa köp/uttag;;;;662108.9500000002
Totalt belopp;;;;;;23553.940000000177
;;;;;;
525412******5468;Ragnar Louise;;;;;
Köp/uttag;;;;;;
Datum;Bokfört;Specifikation;Ort;Valuta;Utl. belopp;Belopp
2026-01-29;2026-01-29;ESPRESSO HOUSE 363;GOETEBORG;SEK;0;107
2026-01-28;2026-01-29;7-ELEVEN 4215200;GOETEBORG;SEK;0;101
2026-01-27;2026-01-28;BEETS DROTTNINGGATAN;GOTEBORG;SEK;0;155
2026-01-24;2026-01-26;WILLYS GOTEBORG HVIT;GOTEBORG;SEK;0;14.9
2026-01-24;2026-01-26;WILLYS GOTEBORG HVIT;GOTEBORG;SEK;0;524.44
2026-01-23;2026-01-26;PASTOR - STORA SALUHAL;GOTEBORG;SEK;0;270
2026-01-23;2026-01-26;WILLYS GOTEBORG HVIT;GOTEBORG;SEK;0;73.7
2026-01-23;2026-01-23;ESPRESSO HOUSE 363;GOETEBORG;SEK;0;58
2026-01-22;2026-01-23;ALDARDO;GOTEBORG;SEK;0;155
2026-01-22;2026-01-22;ESPRESSO HOUSE 363;GOETEBORG;SEK;0;49
2026-01-20;2026-01-21;7-ELEVEN KORSETTEN;GOETEBORG;SEK;0;95
2026-01-20;2026-01-21;DELI AND COFFEE;MOLNLYCKE NOR;SEK;0;125
2026-01-19;2026-01-20;LIDL329GBGKUNGSGATAN;STOCKHOLM;SEK;0;49.7
2026-01-19;2026-01-19;ESPRESSO HOUSE 363;GOETEBORG;SEK;0;104
2026-01-19;2026-01-19;HOLY GREENS AB;MALMOE;SEK;0;185
2026-01-17;2026-01-19;NEWPORT;GOETEBORG;SEK;0;1032.5
2026-01-17;2026-01-19;GOTEBORG CITY MAT &;GOTEBORG;SEK;0;172
2026-01-16;2026-01-19;ARKET SE0702;GOETEBORG;SEK;0;149
2026-01-16;2026-01-16;ESPRESSO HOUSE 236;GOETEBORG;SEK;0;58
2026-01-15;2026-01-16;KICKS 814 KUNGSG, GO;GOTEBORG;SEK;0;390.5
2026-01-15;2026-01-16;LIDL329GBGKUNGSGATAN;GOTERBORG;SEK;0;150.84
2026-01-14;2026-01-15;ARKET SE0702;GOETEBORG;SEK;0;149
2026-01-14;2026-01-14;ESPRESSO HOUSE 363;GOETEBORG;SEK;0;93
2026-01-13;2026-01-14;JOEANDTHEJUICE;GATEBORG;SEK;0;184
2026-01-13;2026-01-13;ESPRESSO HOUSE 420;GOETEBORG;SEK;0;85
2026-01-12;2026-01-13;PASTOR - STORA SALUHAL;GOTEBORG;SEK;0;135
2026-01-12;2026-01-12;ESPRESSO HOUSE 236;GOETEBORG;SEK;0;58
2026-01-11;2026-01-12;ESPRESSO HOUSE 236;GOETEBORG;SEK;0;58
2026-01-10;2026-01-12;ESPRESSO HOUSE 236;GOETEBORG;SEK;0;58
2026-01-10;2026-01-12;7-ELEVEN 4215200;GOETEBORG;SEK;0;27
2026-01-10;2026-01-12;WILLYS GOTEBORG HVIT;GOTEBORG;SEK;0;275.88
2026-01-07;2026-01-08;ARKET SE0702;GOETEBORG;SEK;0;196
2026-01-06;2026-01-07;NK BEAUTY GBG;GA.TEBORG;SEK;0;620
2026-01-05;2026-01-07;JOEANDTHEJUICE;GATEBORG;SEK;0;184
2026-01-05;2026-01-07;VACKER NK GÖTEB;GOTEBORG;SEK;0;628.6
2026-01-04;2026-01-05;ESPRESSO HOUSE 236;GOETEBORG;SEK;0;58
2026-01-04;2026-01-05;LIDL329GBGKUNGSGATAN;GOTERBORG;SEK;0;140.4
2026-01-03;2026-01-05;HESTRA GOTHENBURG;GOTHENBURG;SEK;0;1400
2025-12-31;2026-01-02;AKADEMIBOKHANDE;GÖTEBORG;SEK;0;598
2025-12-30;2026-01-02;ESPRESSO HOUSE 420;GOETEBORG;SEK;0;57
2025-12-30;2026-01-02;PRESSBYRAN OESTRA SJUK;GOETEBORG;SEK;0;52
2025-12-30;2026-01-02;NK INREDNING;GA.TEBORG;SEK;0;349
2025-12-30;2026-01-02;WILLYS GOTEBORG HVIT;GOTEBORG;SEK;0;237.27
2025-12-27;2025-12-29;ESPRESSO HOUSE 157;GOETEBORG;SEK;0;162
2025-12-27;2025-12-29;TWIST & TANGO;GOTEBORG;SEK;0;499
2025-12-27;2025-12-29;WILLYS GOTEBORG HVIT;GOTEBORG;SEK;0;335.1
2025-12-26;2025-12-29;7-ELEVEN 4215200;GOETEBORG;SEK;0;48
2025-12-25;2025-12-29;WILLYS GOTEBORG HVIT;GOTEBORG;SEK;0;998.44
2025-12-22;2025-12-23;FOODORA AB;STOCKHOLM;SEK;0;569
2025-12-22;2025-12-23;ZETTLE_*SAD RETAIL GRO;GOTEBORG;SEK;0;950
2025-12-22;2025-12-22;JOHN HENRIC NK GBG;GOETEBORG;SEK;0;1999
2025-12-21;2025-12-22;7-ELEVEN KORSETTEN;GOETEBORG;SEK;0;54
2025-12-21;2025-12-22;WIDING O STOLLMAN;GOTEBORG;SEK;0;898
2025-12-21;2025-12-22;NK KOK & DESIGN GBG;GA.TEBORG;SEK;0;278
2025-12-20;2025-12-22;FOODORA AB;STOCKHOLM;SEK;0;622
2025-12-16;2025-12-16;ESPRESSO HOUSE 236;GOETEBORG;SEK;0;84
2025-12-16;2025-12-16;HOLY GREENS AB;MALMOE;SEK;0;175
2025-12-15;2025-12-15;JOE  THE JUICE NG AB;STOCKHOLM;SEK;0;352
2025-12-13;2025-12-15;WILLYS GOTEBORG HVIT;GOTEBORG;SEK;0;24.9
2025-12-13;2025-12-15;SE01020 TZ-SHOP;GOTEBORG;SEK;0;90
2025-12-12;2025-12-15;ARKET SE0702;GOETEBORG;SEK;0;149
2025-12-12;2025-12-15;AHLENS GOETEBORG KUNGS;GOETEBORG;SEK;0;114
2025-12-11;2025-12-12;ALDARDO;GOTEBORG;SEK;0;155
2025-12-10;2025-12-11;ARKET SE0702;GOETEBORG;SEK;0;540
2025-12-10;2025-12-11;BANH MI SHOP;GOTEBORG;SEK;0;125
2025-12-10;2025-12-10;ESPRESSO HOUSE 236;GOETEBORG;SEK;0;84
2025-12-09;2025-12-10;HOLY GREENS AB;MALMOE;SEK;0;139
2025-12-09;2025-12-09;7-ELEVEN 4116150;GOETEBORG;SEK;0;34
2025-12-09;2025-12-09;SATS KOMPASSEN;GOETEBORG;SEK;0;28
2025-12-08;2025-12-09;LIDL329GBGKUNGSGATAN;GOTERBORG;SEK;0;79.8
2025-12-08;2025-12-08;ESPRESSO HOUSE 363;GOETEBORG;SEK;0;84
2025-12-07;2025-12-08;UBR* PENDING.UBER.COM;AMSTERDAM;SEK;0;102
2025-12-07;2025-12-08;UBR* PENDING.UBER.COM;AMSTERDAM;SEK;0;68
2025-12-06;2025-12-08;AHLENS GOETEBORG KUNGS;GOETEBORG;SEK;0;396
2025-12-06;2025-12-08;CONDECO AB;GOTEBORG;SEK;0;254
2025-12-05;2025-12-08;JOEANDTHEJUICE;GATEBORG;SEK;0;184
2025-12-05;2025-12-08;7-ELEVEN GBG KUNGSGATA;GOETEBORG;SEK;0;59
2025-12-04;2025-12-04;ESPRESSO HOUSE 236;GOETEBORG;SEK;0;107
2025-12-03;2025-12-03;7-ELEVEN GBG KUNGSGATA;GOETEBORG;SEK;0;34
2025-12-02;2025-12-03;PASTOR - STORA SALUHAL;GOTEBORG;SEK;0;135
2025-12-01;2025-12-02;ARKET SE0702;GOETEBORG;SEK;0;149
2025-11-29;2025-12-01;THE MELODY CLUB;GOTEBORG;SEK;0;65
2025-11-29;2025-12-01;NORDISKA GALLERIET GOT;MOLNDAL;SEK;0;400
2025-11-29;2025-12-01;7-ELEVEN 4116150;GOETEBORG;SEK;0;28
2025-11-29;2025-12-01;7-ELEVEN 4116150;GOETEBORG;SEK;0;28
2025-11-28;2025-12-01;AGNAS GLOGG;FJARAS;SEK;0;45
2025-11-28;2025-12-01;LOOMISP*STEINBRENNER N;GOTEBORG;SEK;0;71
2025-11-28;2025-12-01;KICKS 814 KUNGSG, GO;GOTEBORG;SEK;0;1086.25
2025-11-28;2025-12-01;HARMONI DUMPLINGS;GOTEBORG;SEK;0;210
2025-11-28;2025-12-01;PP TRADING VARM CHOKLA;GOTEBORG;SEK;0;55
2025-11-27;2025-11-28;JOEANDTHEJUICE;GATEBORG;SEK;0;203
2025-11-27;2025-11-27;ESPRESSO HOUSE 236;GOETEBORG;SEK;0;84
2025-11-26;2025-11-27;BEETS;GOTEBORG;SEK;0;318
2025-11-26;2025-11-27;LIDL329GBGKUNGSGATAN;STOCKHOLM;SEK;0;109.78
2025-11-26;2025-11-26;ESPRESSO HOUSE 236;GOETEBORG;SEK;0;84
2025-11-25;2025-11-25;7-ELEVEN 4116150;GOETEBORG;SEK;0;34
2025-11-24;2025-11-25;PASTOR - STORA SALUHAL;GOTEBORG;SEK;0;145
2025-11-23;2025-11-24;UBR* PENDING.UBER.COM;AMSTERDAM;SEK;0;95
2025-11-23;2025-11-24;THAICORNERILINDOMEAB;LINDOME;SEK;0;615
2025-11-21;2025-11-24;FOODORA AB;STOCKHOLM;SEK;0;592
2025-11-21;2025-11-24;ALDARDO;GOTEBORG;SEK;0;300
2025-11-21;2025-11-21;BOLT.EU/O/2511202215;TALLINN;SEK;0;84
2025-11-21;2025-11-21;KRONANS APOTEK AB;GOETEBORG;SEK;0;552.29
2025-11-20;2025-11-21;UBR* PENDING.UBER.COM;AMSTERDAM;SEK;0;104
2025-11-20;2025-11-21;MASAKI HALSOSUSHI AB;GOTEBORG;SEK;0;298
2025-11-20;2025-11-20;ESPRESSO HOUSE 236;GOETEBORG;SEK;0;84
2025-11-19;2025-11-20;ARKET SE0702;GOETEBORG;SEK;0;149
2025-11-19;2025-11-20;7-ELEVEN 4215200;GOETEBORG;SEK;0;63
2025-11-19;2025-11-19;ESPRESSO HOUSE 236;GOETEBORG;SEK;0;107
2025-11-18;2025-11-19;HARMONI DUMPLINGS;GOTEBORG;SEK;0;85
2025-11-17;2025-11-18;7-ELEVEN KORSETTEN;GOETEBORG;SEK;0;49
2025-11-17;2025-11-18;FOODORA AB;STOCKHOLM;SEK;0;157
2025-11-17;2025-11-18;LIDL329GBGKUNGSGATAN;STOCKHOLM;SEK;0;38.8
2025-11-17;2025-11-17;7-ELEVEN 4116150;GOETEBORG;SEK;0;34
2025-11-15;2025-11-17;ARTILLERIET STORE;GOETEBORG;SEK;0;340
2025-11-15;2025-11-17;SE0234;GOETEBORG;SEK;0;552.98
2025-11-15;2025-11-17;EVION HOTELL &;GOTEBORG;SEK;0;42
2025-11-15;2025-11-17;NK KOK & DESIGN GBG;GA.TEBORG;SEK;0;1399
2025-11-14;2025-11-17;WILLYS GOTEBORG HVIT;GOTEBORG;SEK;0;148.23
2025-11-14;2025-11-17;DELI AND COFFEE;MOLNLYCKE NOR;SEK;0;145
2025-11-14;2025-11-14;ESPRESSO HOUSE 363;GOETEBORG;SEK;0;35
2025-11-12;2025-11-13;LIDL329GBGKUNGSGATAN;GOTEBORG;SEK;0;109.6
2025-11-12;2025-11-12;ESPRESSO HOUSE 236;GOETEBORG;SEK;0;35
2025-11-11;2025-11-12;KRONANS APOTEK AB;GOETEBORG;SEK;0;150.9
2025-11-11;2025-11-12;7-ELEVEN 4215200;GOETEBORG;SEK;0;83
2025-11-11;2025-11-11;HOLY GREENS AB;MALMOE;SEK;0;178
2025-11-09;2025-11-10;LIVLY;GOTEBORG;SEK;0;449
2025-11-07;2025-11-10;BROGYLLEN SALUHALL P;GOETEBORG;SEK;0;144
2025-11-07;2025-11-07;7-ELEVEN 4116150;GOETEBORG;SEK;0;34
2025-11-06;2025-11-07;HARMONI DUMPLINGS;GOTEBORG;SEK;0;85
2025-11-06;2025-11-06;ESPRESSO HOUSE 236;GOETEBORG;SEK;0;86
2025-11-05;2025-11-06;ALDARDO;GOTEBORG;SEK;0;310
2025-11-05;2025-11-05;7-ELEVEN 4116150;GOETEBORG;SEK;0;54
2025-11-04;2025-11-04;SATS KOMPASSEN;GOETEBORG;SEK;0;28
2025-11-04;2025-11-04;ESPRESSO HOUSE 363;GOETEBORG;SEK;0;70
2025-11-03;2025-11-04;WILLYS GOTEBORG HVIT;GOTEBORG;SEK;0;132.6
2025-11-02;2025-11-03;7-ELEVEN 4116150;GOETEBORG;SEK;0;49
2025-11-01;2025-11-03;FOODORA AB;STOCKHOLM;SEK;0;457
2025-11-01;2025-11-03;BILLDALS BLOMMOR;HOVAS;SEK;0;720
2025-11-01;2025-11-03;ICA KVANTUM HOVAS;HOVAS;SEK;0;203.7
2025-10-31;2025-11-03;SALUHALLEN WRAPSODY;GOETEBORG;SEK;0;204
2025-10-31;2025-11-03;AHLENS GOETEBORG KUNGS;GOETEBORG;SEK;0;263
2025-10-31;2025-11-03;NK BEAUTY GBG;GA.TEBORG;SEK;0;1216
2025-10-31;2025-11-03;NK KOK & DESIGN GBG;GA.TEBORG;SEK;0;129
2025-10-31;2025-11-03;NK KAFFE, TE & KONFEKT;GA.TEBORG;SEK;0;109
2025-10-31;2025-10-31;7-ELEVEN 4116150;GOETEBORG;SEK;0;49
2025-10-30;2025-10-31;7-ELEVEN KORSETTEN;GOETEBORG;SEK;0;54
2025-10-30;2025-10-31;MR SHOU KUNGSTORGET;GOTEBORG;SEK;0;135
2025-10-30;2025-10-30;ESPRESSO HOUSE 236;GOETEBORG;SEK;0;91
2025-10-29;2025-10-30;HARMONI DUMPLINGS;GOTEBORG;SEK;0;20
2025-10-29;2025-10-30;HARMONI DUMPLINGS;GOTEBORG;SEK;0;85
2025-10-28;2025-10-29;HOLY GREENS AB;MALMOE;SEK;0;129
2025-10-28;2025-10-29;JOHN HENRIC NK GBG;GOETEBORG;SEK;0;1499
2025-10-28;2025-10-29;NK BEAUTY GBG;GA.TEBORG;SEK;0;330
2025-10-28;2025-10-28;SATS KOMPASSEN;GOETEBORG;SEK;0;28
2025-10-28;2025-10-28;ESPRESSO HOUSE 236;GOETEBORG;SEK;0;86
2025-10-27;2025-10-28;DELI AND COFFEE;MOLNLYCKE NOR;SEK;0;125
2025-10-27;2025-10-27;ESPRESSO HOUSE 236;GOETEBORG;SEK;0;91
2025-10-24;2025-10-27;JOEANDTHEJUICE;GATEBORG;SEK;0;188
2025-10-24;2025-10-27;WILLYS GOTEBORG HVIT;GOTEBORG;SEK;0;153.97
2025-10-23;2025-10-24;BEETS;GOTEBORG;SEK;0;159
2025-10-23;2025-10-23;7-ELEVEN 4116150;GOETEBORG;SEK;0;68
2025-10-22;2025-10-23;HASSELSSONS MACKLUCKA;GOTEBORG;SEK;0;160
2025-10-20;2025-10-20;7-ELEVEN 4116150;GOETEBORG;SEK;0;49
2025-10-18;2025-10-20;CHOPCHOP EUROST;OREBRO;SEK;0;276
2025-10-18;2025-10-20;CIRCLE K OREBRO EUROST;OREBRO;SEK;0;104
2025-10-17;2025-10-21;OKQ8;LAXÅ;SEK;0;157
2025-10-17;2025-10-20;HOTEL AT BOOKING.COM;AMSTERDAM;SEK;0;1502
2025-10-17;2025-10-20;MAX BURGERS 2010100_KI;ALINGSAS;SEK;0;46
2025-10-17;2025-10-17;7-ELEVEN GBG KUNGSGATA;GOETEBORG;SEK;0;49
2025-10-17;2025-10-17;JOE  THE JUICE NG AB;GOETEBORG;SEK;0;168
2025-10-16;2025-10-17;DELI AND COFFEE;MOLNLYCKE NOR;SEK;0;157
2025-10-16;2025-10-16;7-ELEVEN 4116150;GOETEBORG;SEK;0;79
2025-10-15;2025-10-16;MR SHOU KUNGSTORGET;GOTEBORG;SEK;0;135
2025-10-14;2025-10-14;7-ELEVEN 4116150;GOETEBORG;SEK;0;76
2025-10-11;2025-10-13;HAGA ESPRESSO;GOTEBORG;SEK;0;110
2025-10-10;2025-10-10;7-ELEVEN 4116150;GOETEBORG;SEK;0;76
2025-10-09;2025-10-10;7-ELEVEN KORSETTEN;GOETEBORG;SEK;0;73
2025-10-09;2025-10-10;MR SHOU KUNGSTORGET;GOTEBORG;SEK;0;135
2025-10-08;2025-10-08;7-ELEVEN 4116150;GOETEBORG;SEK;0;34
2025-10-07;2025-10-08;HOLY GREENS AB;MALMOE;SEK;0;278
2025-10-05;2025-10-06;SL;STOCKHOLM;SEK;0;43
2025-10-04;2025-10-06;NYX*SANIBOXAB;NACKA;SEK;0;10
2025-10-04;2025-10-06;KMARKT TEATERN;STOCKHOLM;SEK;0;57
2025-10-04;2025-10-06;SL;STOCKHOLM;SEK;0;129
2025-10-04;2025-10-06;BAP BURGER OCH PASTRAM;STOCKHOLM;SEK;0;1133
2025-10-03;2025-10-06;PRESSBYRAN GBG CSTN;GOETEBORG;SEK;0;62
2025-10-03;2025-10-06;PASTOR - STORA SALUHAL;GOTEBORG;SEK;0;145
2025-10-03;2025-10-06;COOP KONSUM T-CENTRALE;STOCKHOLM;SEK;0;49.95
2025-10-03;2025-10-06;SL;STOCKHOLM;SEK;0;43
2025-10-03;2025-10-03;7-ELEVEN 4116150;GOETEBORG;SEK;0;34
2025-10-02;2025-10-03;HARMONI DUMPLINGS;GOTEBORG;SEK;0;85
2025-10-02;2025-10-02;7-ELEVEN 4116150;GOETEBORG;SEK;0;65
2025-10-01;2025-10-02;FOODORA AB;STOCKHOLM;SEK;0;345
2025-10-01;2025-10-01;7-ELEVEN 4116150;GOETEBORG;SEK;0;137
2025-10-01;2025-10-01;HOLY GREENS AB;MALMOE;SEK;0;139
2025-09-29;2025-09-30;KRONANS APOTEK AB;GOETEBORG;SEK;0;254.9
2025-09-29;2025-09-30;7-ELEVEN 4215200;GOETEBORG;SEK;0;66
2025-09-29;2025-09-30;LIDL329GBGKUNGSGATAN;GOTEBORG;SEK;0;148.9
2025-09-29;2025-09-29;7-ELEVEN GBG KUNGSGATA;GOETEBORG;SEK;0;54
2025-09-28;2025-09-29;ICA FOCUS;GOTEBORG;SEK;0;353.85
2025-09-27;2025-09-29;7-ELEVEN 4116150;GOETEBORG;SEK;0;50
2025-09-26;2025-09-29;OLIVIA GOTEBORG;GOETEBORG;SEK;0;359
2025-09-26;2025-09-29;7-ELEVEN 4215200;GOETEBORG;SEK;0;49
2025-09-26;2025-09-29;7-ELEVEN KORSETTEN;GOETEBORG;SEK;0;64
2025-09-26;2025-09-29;VACKER NK GÖTEB;GOTEBORG;SEK;0;808
2025-09-26;2025-09-29;TEHUSET JAVA GÖ;GOTEBORG;SEK;0;119
2025-09-26;2025-09-29;WILLYS GOTEBORG HVIT;GOTEBORG;SEK;0;447.21
2025-09-25;2025-09-26;7-ELEVEN 4215200;GOETEBORG;SEK;0;77
2025-09-25;2025-09-25;7-ELEVEN 4116150;GOETEBORG;SEK;0;77
2025-09-24;2025-09-25;HOLY GREENS AB;MALMOE;SEK;0;129
2025-09-24;2025-09-24;7-ELEVEN 4116150;GOETEBORG;SEK;0;34
2025-09-23;2025-09-24;KRONANS APOTEK AB;GOETEBORG;SEK;0;479.9
2025-09-23;2025-09-24;7-ELEVEN KORSETTEN;GOETEBORG;SEK;0;79
2025-09-23;2025-09-23;SATS KOMPASSEN;GOETEBORG;SEK;0;32
2025-09-22;2025-09-23;WEEKDAY;STOCKHOLM;SEK;0;589
2025-09-21;2025-09-22;CONDECO AB;GOTEBORG;SEK;0;52
2025-09-20;2025-09-22;ESPRESSO HOUSE 195;GOETEBORG;SEK;0;100
2025-09-20;2025-09-22;WILLYS GOTEBORG HVIT;GOTEBORG;SEK;0;42.9
2025-09-20;2025-09-22;WILLYS GOTEBORG HVIT;GOTEBORG;SEK;0;292.3
2025-09-20;2025-09-22;WILLYS GOTEBORG HVIT;GOTEBORG;SEK;0;41.9
2025-09-18;2025-09-19;7-ELEVEN KORSETTEN;GOETEBORG;SEK;0;35
2025-09-18;2025-09-18;7-ELEVEN 4116150;GOETEBORG;SEK;0;30
2025-09-17;2025-09-17;7-ELEVEN 4116150;GOETEBORG;SEK;0;45
2025-09-16;2025-09-16;SATS KOMPASSEN;GOETEBORG;SEK;0;28
2025-09-15;2025-09-16;WILLYS GOTEBORG HVIT;GOTEBORG;SEK;0;456.23
2025-09-14;2025-09-15;WILLYS GOTEBORG HVIT;GOTEBORG;SEK;0;48.8
2025-09-13;2025-09-15;UBR* PENDING.UBER.COM;AMSTERDAM;SEK;0;413
2025-09-13;2025-09-15;UBR* PENDING.UBER.COM;AMSTERDAM;SEK;0;284
2025-09-12;2025-09-15;VASQUE KEMTVATT;GOTEBORG;SEK;0;1630
2025-09-12;2025-09-12;JOE  THE JUICE NG AB;STOCKHOLM;SEK;0;149
2025-09-11;2025-09-12;STUDIO;GOTEBORG;SEK;0;521.4
2025-09-11;2025-09-12;JINX DYNASTY;GOTEBORG;SEK;0;130
2025-09-10;2025-09-11;ALDARDO;GOTEBORG;SEK;0;155
2025-09-10;2025-09-11;HEMTEX KUNGSGAT;GOTEBORG;SEK;0;1399.79
2025-09-10;2025-09-11;LIDL329GBGKUNGSGATAN;STOCKHOLM;SEK;0;91.76
2025-09-09;2025-09-10;HOLY GREENS AB;MALMOE;SEK;0;179
2025-09-09;2025-09-09;7-ELEVEN 4116150;GOETEBORG;SEK;0;30
2025-09-09;2025-09-09;SATS KOMPASSEN;GOETEBORG;SEK;0;28
2025-09-08;2025-09-08;7-ELEVEN KORSETTEN;GOETEBORG;SEK;0;30
2025-09-07;2025-09-08;BOLT.EU/O/2509062239;TALLINN;SEK;0;113
2025-09-06;2025-09-08;7-ELEVEN KORSETTEN;GOETEBORG;SEK;0;76
2025-09-06;2025-09-08;7-ELEVEN KORSETTEN;GOETEBORG;SEK;0;56
2025-09-06;2025-09-08;UBR* PENDING.UBER.COM;AMSTERDAM;SEK;0;116
2025-09-06;2025-09-08;LOOMISP*STAURANG VASTE;GOTEBORG;SEK;0;178
2025-09-06;2025-09-08;TEHUSET JAVA GÖ;GOTEBORG;SEK;0;119
2025-09-06;2025-09-08;GOTEBORG CITY MAT &;GOTEBORG;SEK;0;108
2025-09-06;2025-09-08;NK INREDNING;GA.TEBORG;SEK;0;349
2025-09-05;2025-09-08;HUGO ERICSON OST I SAL;GOTEBORG;SEK;0;188
2025-09-05;2025-09-08;KICKS 814 KUNGSG, GO;GOTEBORG;SEK;0;199
2025-09-05;2025-09-08;WILLYS GOTEBORG HVIT;GOTEBORG;SEK;0;344.52
2025-09-05;2025-09-08;HASSELBACKEN;GOTEBORG;SEK;0;162.41
2025-09-04;2025-09-05;JOEANDTHEJUICE;GATEBORG;SEK;0;184
2025-09-03;2025-09-04;WILLYS GOTEBORG HVIT;GOTEBORG;SEK;0;70.18
2025-09-01;2025-09-02;WILLYS GOTEBORG HVIT;GOTEBORG;SEK;0;296.5
2025-09-01;2025-09-01;JOE  THE JUICE NG AB;STOCKHOLM;SEK;0;149
2025-08-31;2025-09-01;UBR* PENDING.UBER.COM;AMSTERDAM;SEK;0;83
2025-08-27;2025-08-28;HARMONI DUMPLINGS;GOTEBORG;SEK;0;85
2025-08-26;2025-08-27;BEETS;GOTEBORG;SEK;0;189
2025-08-26;2025-08-26;SATS KOMPASSEN;GOETEBORG;SEK;0;28
2025-08-25;2025-08-27;ELIO;GOTEBORG;SEK;0;1600
2025-08-24;2025-08-25;KAFFELABBET MWJ AB;GOETEBORG;SEK;0;89
2025-08-23;2025-08-25;BELLE CELINE AB;GOTEBORG;SEK;0;2695
2025-08-22;2025-08-25;ENOTECA SASSI;GOTEBORG;SEK;0;1320
2025-08-21;2025-08-22;BUNCHERY BY BLOMRUM;GOETEBORG;SEK;0;218
2025-08-21;2025-08-22;HARMONI DUMPLINGS;GOTEBORG;SEK;0;85
2025-08-19;2025-08-20;WILLYS GOTEBORG HVIT;GOTEBORG;SEK;0;462.4
2025-08-19;2025-08-19;SATS KOMPASSEN;GOETEBORG;SEK;0;28
2025-08-17;2025-08-18;BROGYLLEN PEDAGOG P;MOELNDAL;SEK;0;99
2025-08-16;2025-08-18;STENUGNSBAGERIET HEDEN;GOTEBORG;SEK;0;69
2025-08-15;2025-08-18;SYSTEMBOLAGET;GOETEBORG;SEK;0;222.6
2025-08-15;2025-08-15;HOLY GREENS AB;MALMOE;SEK;0;169
2025-08-14;2025-08-15;ESPRESSO HOUSE 195;GOETEBORG;SEK;0;39
2025-08-13;2025-08-14;7-ELEVEN KORSETTEN;GOETEBORG;SEK;0;64
2025-08-13;2025-08-13;7-ELEVEN 4116150;GOETEBORG;SEK;0;30
2025-08-10;2025-08-13;TORPA;LANGHEM;SEK;0;30
2025-08-10;2025-08-13;TORPA;LANGHEM;SEK;0;156
2025-08-10;2025-08-11;ICA FOCUS;GOTEBORG;SEK;0;249.9
2025-08-09;2025-08-11;WILLYS GOTEBORG HVIT;GOTEBORG;SEK;0;428.3
2025-08-08;2025-08-11;WILLYS GOTEBORG HVIT;GOTEBORG;SEK;0;334.57
2025-08-07;2025-08-08;HOLY GREENS AB;MALMOE;SEK;0;184
2025-08-07;2025-08-08;BAR CENTRO;GOTEBORG;SEK;0;232
2025-08-06;2025-08-07;JOEANDTHEJUICE;GATEBORG;SEK;0;142
2025-08-06;2025-08-07;WILLYS GOTEBORG HVIT;GOTEBORG;SEK;0;738.72
2025-08-02;2025-08-04;ICA FOCUS;GOTEBORG;SEK;0;513.6
2025-08-01;2025-08-04;BOLT.EUO2508012056;TALLINN;SEK;0;78
2025-08-01;2025-08-04;CHAMPAGNEBAREN KYRKOGA;GOTEBORG;SEK;0;336
2025-07-31;2025-08-01;NATURALCYCLES;STOCKHOLM;SEK;0;1189
2025-07-31;2025-08-01;WILLYS GOTEBORG HVIT;GOTEBORG;SEK;0;263.09
2025-07-29;2025-07-30;MAXI ICA STORMARKNAD L;LJUNGBY;SEK;0;146
2025-07-28;2025-07-29;CIRCLE K VARBERG NORD;VARBERG;SEK;0;133
2025-07-27;2025-07-28;LEKIA KUNGSGATAN;GOTEBORG;SEK;0;304
2025-07-26;2025-07-28;VACKER NK GÖTEB;GOTEBORG;SEK;0;967
2025-07-26;2025-07-28;BEAUTY STYLE VA;GOTEBORG;SEK;0;640
2025-07-26;2025-07-28;GOTEBORG CITY MAT &;GOTEBORG;SEK;0;236
2025-07-26;2025-07-28;7-ELEVEN 4116150;GOETEBORG;SEK;0;30
2025-07-25;2025-07-28;WILLYS GOTEBORG HVIT;GOTEBORG;SEK;0;87.7
2025-07-24;2025-07-25;KRABBESK{RS FISK;ASKIM;SEK;0;528
2025-07-24;2025-07-25;STORA COOP SISJÖN;ASKIM;SEK;0;363.5
2025-07-23;2025-07-24;BENNE PASTA MOLNDAL;MOLNDAL;SEK;0;200
2025-07-19;2025-07-21;APOTEK HJARTAT ICA MAX;MELLBYSTRAND;SEK;0;369.9
2025-07-15;2025-07-17;AURORA;HELSINGBORG;SEK;0;179
2025-07-15;2025-07-16;SCT OLAI VIN OG SPIRIT;HELSINGOR;DKK;295;454.2
Valutakurs: 1.539661 Valutapåslag ingår med 2,00 %;;;;;;
2025-07-15;2025-07-16;FC HELSING@R;HELSINGOER;DKK;55;84.68
Valutakurs: 1.539636 Valutapåslag ingår med 2,00 %;;;;;;
2025-07-15;2025-07-16;COOP KVICKLY PROEVESTE;HELSINGOER;DKK;99.4;153.04
Valutakurs: 1.539638 Valutapåslag ingår med 2,00 %;;;;;;
2025-07-12;2025-07-14;ZETTLE_*TVELINGEN AB;GOTEBORG;SEK;0;165
2025-07-11;2025-07-14;DA MATTEO - MAGASINSGA;GOETEBORG;SEK;0;644
2025-07-10;2025-07-11;IKEA KALLERED HFB ECO;KALLERED;SEK;0;5448
2025-07-10;2025-07-10;HOLY GREENS AB;MALMOE;SEK;0;184
2025-07-09;2025-07-10;FAMILJEN ORRMYR KUNGSP;GOTEBORG;SEK;0;529.2
2025-07-08;2025-07-09;7-ELEVEN 4515158;GOETEBORG;SEK;0;88
2025-07-08;2025-07-09;CHICCA BELLONI;GOTEBORG;SEK;0;1243
2025-07-08;2025-07-08;HOLY GREENS AB;MALMOE;SEK;0;149
2025-07-07;2025-07-07;7-ELEVEN 4116150;GOETEBORG;SEK;0;88
2025-07-06;2025-07-07;JOE  THE JUICE NG AB;GOETEBORG;SEK;0;91
2025-07-05;2025-07-14;W*ROYALDESIGN.SE;NYBRO;SEK;0;4668
2025-07-05;2025-07-07;FOODORA AB;STOCKHOLM;SEK;0;652
2025-07-04;2025-07-07;COLLAGE;GOTEBORG;SEK;0;310
2025-07-04;2025-07-07;HARMONI DUMPLINGS;GOTEBORG;SEK;0;85
2025-07-03;2025-07-04;HARMONI DUMPLINGS;GOTEBORG;SEK;0;85
2025-07-03;2025-07-03;7-ELEVEN 4116150;GOETEBORG;SEK;0;67
2025-07-02;2025-07-02;HOLY GREENS AB;MALMOE;SEK;0;172
2025-07-01;2025-07-02;BEETS;GOTEBORG;SEK;0;159
2025-06-30;2025-07-01;KRONANS APOTEK AB;GOETEBORG;SEK;0;426
2025-06-30;2025-07-01;AHLENS GOETEBORG KUNGS;GOETEBORG;SEK;0;784.5
2025-06-30;2025-07-01;WILLYS GOTEBORG HVIT;GOTEBORG;SEK;0;458.6
2025-06-28;2025-06-30;WILLYS GOTEBORG HVIT;GOTEBORG;SEK;0;403.07
2025-06-28;2025-06-30;7-ELEVEN KUNGSPORTSAVE;GOETEBORG;SEK;0;93
2025-06-27;2025-06-27;JOE  THE JUICE NG AB;STOCKHOLM;SEK;0;139
2025-06-26;2025-06-27;ARTILLERIET KITCHEN;GOETEBORG;SEK;0;310
2025-06-26;2025-06-26;HOLY GREENS AB;MALMOE;SEK;0;149
2025-06-25;2025-06-26;AL BANCO PASTA;GOTEBORG;SEK;0;457
2025-06-25;2025-06-26;ALDARDO;GOTEBORG;SEK;0;145
2025-06-25;2025-06-26;WILLYS GOTEBORG HVIT;GOTEBORG;SEK;0;68.7
2025-06-24;2025-06-24;7-ELEVEN 4116150;GOETEBORG;SEK;0;49
2025-06-24;2025-06-24;SATS KOMPASSEN;GOETEBORG;SEK;0;28
2025-06-23;2025-06-24;7-ELEVEN KORSETTEN;GOETEBORG;SEK;0;64
2025-06-23;2025-06-23;7-ELEVEN 4116150;GOETEBORG;SEK;0;49
2025-06-23;2025-06-23;STYR  STAELL;GOTHENBURG;SEK;0;290
2025-06-22;2025-06-23;FOODORA AB;STOCKHOLM;SEK;0;247
2025-06-22;2025-06-23;NEXTBIKESE;GOTHENBURG;SEK;0;10
2025-06-22;2025-06-23;WILLYS GOTEBORG HVIT;GOTEBORG;SEK;0;474.71
2025-06-19;2025-06-23;7-ELEVEN 4116150;GOETEBORG;SEK;0;93
2025-06-19;2025-06-23;VALLGATAN 12 FA;GOTEBORG;SEK;0;320
2025-06-19;2025-06-23;WILLYS GOTEBORG HVIT;GOTEBORG;SEK;0;85.8
2025-06-19;2025-06-23;WILLYS GOTEBORG HVIT;GOTEBORG;SEK;0;359.89
2025-06-19;2025-06-19;JOE  THE JUICE NG AB;GOETEBORG;SEK;0;182
2025-06-18;2025-06-19;GUMMAN ELVIRA;GOTEBORG;SEK;0;380.1
2025-06-18;2025-06-18;JOS HALSOCAFE AB;GOETEBORG;SEK;0;145
2025-06-17;2025-06-18;HOLY GREENS AB;MALMOE;SEK;0;288
2025-06-17;2025-06-17;7-ELEVEN 4116150;GOETEBORG;SEK;0;132
2025-06-16;2025-06-17;WILLYS GOTEBORG HVIT;GOTEBORG;SEK;0;280.87
2025-06-16;2025-06-16;HOLY GREENS AB;MALMOE;SEK;0;139
2025-06-15;2025-06-16;WILLYS GOTEBORG HVIT;GOTEBORG;SEK;0;80.8
2025-06-15;2025-06-16;WILLYS GOTEBORG HVIT;GOTEBORG;SEK;0;269.1
2025-06-14;2025-06-16;FOODORA AB;STOCKHOLM;SEK;0;329
2025-06-13;2025-06-16;ULLEVI KONFEREN;GOTEBORG;SEK;0;189
2025-06-13;2025-06-13;7-ELEVEN 4116150;GOETEBORG;SEK;0;62
2025-06-13;2025-06-13;HOLY GREENS AB;MALMOE;SEK;0;184
2025-06-12;2025-06-13;7-ELEVEN 4215200;GOETEBORG;SEK;0;97
2025-06-12;2025-06-13;7-ELEVEN 4116150;GOETEBORG;SEK;0;49
2025-06-12;2025-06-12;7-ELEVEN 4515158;GOETEBORG;SEK;0;34
2025-06-11;2025-06-12;FOODORA AB;STOCKHOLM;SEK;0;250.4
2025-06-11;2025-06-12;ZETTLE_*POKE CORNER;GOTEBORG;SEK;0;146
2025-06-11;2025-06-11;7-ELEVEN 4116150;GOETEBORG;SEK;0;34
2025-06-10;2025-06-10;BOLT.EU/O/2506092144;TALLINN;SEK;0;76
2025-06-09;2025-06-10;KAJUTAN SALUHALLEN;GOTEBORG;SEK;0;555
2025-06-09;2025-06-10;WILLYS GOTEBORG HVIT;GOTEBORG;SEK;0;69.8
2025-06-09;2025-06-10;WILLYS GOTEBORG HVIT;GOTEBORG;SEK;0;282
2025-06-08;2025-06-09;FOODORA AB;STOCKHOLM;SEK;0;315
2025-06-08;2025-06-09;SYSTRAR OVAS AB;GOTEBORG;SEK;0;250
2025-06-08;2025-06-09;NK KOK & DESIGN GBG;GA.TEBORG;SEK;0;1600
2025-06-08;2025-06-09;WILLYS GOTEBORG HVIT;GOTEBORG;SEK;0;428.4
2025-06-08;2025-06-09;7-ELEVEN 4116150;GOETEBORG;SEK;0;77
2025-06-06;2025-06-09;7-ELEVEN 4116150;GOETEBORG;SEK;0;149
2025-06-05;2025-06-09;7-ELEVEN 4215200;GOETEBORG;SEK;0;49
2025-06-05;2025-06-09;PASTOR - STORA SALUHAL;GOTEBORG;SEK;0;135
2025-06-05;2025-06-05;7-ELEVEN 4116150;GOETEBORG;SEK;0;82
2025-06-04;2025-06-09;UBR* PENDING.UBER.COM;AMSTERDAM;SEK;0;159
2025-06-04;2025-06-05;PHO KIM;GOTEBORG;SEK;0;116.1
2025-06-04;2025-06-05;HASSELBACKEN;GOTEBORG;SEK;0;28.48
2025-06-03;2025-06-04;ARKET SE0702;GOETEBORG;SEK;0;149
2025-06-03;2025-06-03;7-ELEVEN 4515158;GOETEBORG;SEK;0;83
2025-06-02;2025-06-03;HOLY GREENS AB;MALMOE;SEK;0;139
2025-06-02;2025-06-03;WILLYS GOTEBORG HVIT;GOTEBORG;SEK;0;30.8
2025-06-02;2025-06-02;7-ELEVEN 4116150;GOETEBORG;SEK;0;34
2025-06-01;2025-06-02;7-ELEVEN 4116150;GOETEBORG;SEK;0;61
2025-06-01;2025-06-02;WILLYS GOTEBORG HVIT;GOTEBORG;SEK;0;259.2
2025-06-01;2025-06-02;ZETTLE_*VILLA ODINSLUN;GOTEBORG;SEK;0;105
2025-05-31;2025-06-02;ZETTLE_*VILLA ODINSLUN;GOTEBORG;SEK;0;140
2025-05-31;2025-06-02;ZETTLE_*VILLA ODINSLUN;GOTEBORG;SEK;0;900
2025-05-30;2025-06-02;WIDING O STOLLMAN;GOTEBORG;SEK;0;899
2025-05-30;2025-06-02;BEETS SALADS BAR;GOTEBORG;SEK;0;180
2025-05-30;2025-06-02;NK LINGERIE GBG;GA.TEBORG;SEK;0;2651
2025-05-30;2025-05-30;7-ELEVEN 4116150;GOETEBORG;SEK;0;83
2025-05-29;2025-05-30;KARMA;STOCKHOLM;SEK;0;255
2025-05-29;2025-05-30;STORKÖKET I GÖT;GOTEBORG;SEK;0;98
2025-05-29;2025-05-30;KICKS 814 KUNGSG, GO;GOTEBORG;SEK;0;491.25
2025-05-29;2025-05-30;7-ELEVEN 4215200;GOETEBORG;SEK;0;68
2025-05-28;2025-05-28;7-ELEVEN 4215200;GOETEBORG;SEK;0;49
2025-05-27;2025-05-28;HOLY GREENS AB;MALMOE;SEK;0;139
2025-05-27;2025-05-28;TWILFIT AB;GOTEBORG;SEK;0;299.95
2025-05-26;2025-05-27;HARMONI DUMPLINGS;GOTEBORG;SEK;0;85
2025-05-26;2025-05-26;7-ELEVEN 4116150;GOETEBORG;SEK;0;34
2025-05-25;2025-05-26;AHLENS GOETEBORG KUNGS;GOETEBORG;SEK;0;390
2025-05-25;2025-05-26;BRASSERIE ISABELLE;GOTEBORG;SEK;0;897.75
2025-05-25;2025-05-26;WILLYS GOTEBORG HVIT;GOTEBORG;SEK;0;378.85
2025-05-25;2025-05-26;UNLMTED W/DR JOE DISPE;RAINIER;USD;31.25;309.59
Valutakurs: 9.90688 Valutapåslag ingår med 2,00 %;;;;;;
2025-05-24;2025-05-26;HOLY GREENS AB;MALMOE;SEK;0;172
2025-05-24;2025-05-26;BELLE CELINE AB;GOTEBORG;SEK;0;4598
2025-05-24;2025-05-26;NONNA;GOTEBORG;SEK;0;1366.05
2025-05-23;2025-05-26;LOOMISP*SUNSET FALAFEL;GOTEBORG;SEK;0;75
2025-05-23;2025-05-23;7-ELEVEN 4116150;GOETEBORG;SEK;0;34
2025-05-22;2025-05-23;7-ELEVEN 4215200;GOETEBORG;SEK;0;61
2025-05-22;2025-05-23;FOODORA AB;STOCKHOLM;SEK;0;141
2025-05-22;2025-05-23;GOTEBORG CITY MAT &;GOTEBORG;SEK;0;91
2025-05-22;2025-05-23;GOTEBORG CITY MAT &;GOTEBORG;SEK;0;310
2025-05-22;2025-05-22;7-ELEVEN 4116150;GOETEBORG;SEK;0;34
2025-05-21;2025-05-22;PASTOR - STORA SALUHAL;GOTEBORG;SEK;0;125
2025-05-21;2025-05-21;7-ELEVEN 4116150;GOETEBORG;SEK;0;55
2025-05-20;2025-05-21;CLARION HOTEL POST;GOETEBORG;SEK;0;290
2025-05-20;2025-05-21;HOLY GREENS AB;MALMOE;SEK;0;139
2025-05-20;2025-05-20;7-ELEVEN 4116150;GOETEBORG;SEK;0;34
2025-05-19;2025-05-20;DELI OCH COFFEE;GOTEBORG;SEK;0;145
2025-05-19;2025-05-19;7-ELEVEN 4116150;GOETEBORG;SEK;0;34
2025-05-17;2025-05-19;JOEANDTHEJUICE;GATEBORG;SEK;0;199
2025-05-17;2025-05-19;7-ELEVEN 4215200;GOETEBORG;SEK;0;28
2025-05-17;2025-05-19;7-ELEVEN KORSETTEN;GOETEBORG;SEK;0;74
2025-05-17;2025-05-19;INDISKA HORNET;GOTEBORG;SEK;0;750
2025-05-17;2025-05-19;NK BEAUTY GBG;GA.TEBORG;SEK;0;460
2025-05-17;2025-05-19;VALLGATAN 12 FA;GOTEBORG;SEK;0;750
2025-05-17;2025-05-19;WILLYS GOTEBORG HVIT;GOTEBORG;SEK;0;61.58
2025-05-16;2025-05-19;KAJUTAN SALUHALLEN;GOTEBORG;SEK;0;72
2025-05-16;2025-05-19;FESKEKOERKAN;GOTEBORG;SEK;0;105
2025-05-16;2025-05-16;7-ELEVEN 4116150;GOETEBORG;SEK;0;34
2025-05-15;2025-05-16;ALDARDO;GOTEBORG;SEK;0;290
2025-05-15;2025-05-15;7-ELEVEN 4116150;GOETEBORG;SEK;0;34
2025-05-14;2025-05-15;BEETS;GOTEBORG;SEK;0;149
2025-05-14;2025-05-14;7-ELEVEN KUNGSPORTSAVE;GOETEBORG;SEK;0;34
2025-05-13;2025-05-14;HOLY GREENS AB;MALMOE;SEK;0;139
2025-05-12;2025-05-13;7-ELEVEN KORSETTEN;GOETEBORG;SEK;0;100
2025-05-12;2025-05-13;EDO SUSHI I GOTEBORG A;GOTEBORG;SEK;0;99
2025-05-12;2025-05-12;7-ELEVEN 4116150;GOETEBORG;SEK;0;61
2025-05-11;2025-05-12;STIGBERGET RESTAURANGE;GOETEBORG;SEK;0;234
2025-05-11;2025-05-12;BOLT.EU/O/2505102308;TALLINN;SEK;0;140
2025-05-10;2025-05-12;STIGBERGET RESTAURANGE;GOETEBORG;SEK;0;178.5
2025-05-10;2025-05-12;BOLT.EU/O/2505101640;TALLINN;SEK;0;67
2025-05-10;2025-05-12;BAR CENTRO;GOTEBORG;SEK;0;180
2025-05-10;2025-05-12;WILLYS GOTEBORG HVIT;GOTEBORG;SEK;0;88.67
2025-05-10;2025-05-12;WILLYS GOTEBORG HVIT;GOTEBORG;SEK;0;8.9
2025-05-09;2025-05-12;7-ELEVEN 4215200;GOETEBORG;SEK;0;66
2025-05-09;2025-05-09;7-ELEVEN 4116150;GOETEBORG;SEK;0;34
2025-05-08;2025-05-09;7-ELEVEN 4116150;GOETEBORG;SEK;0;63
2025-05-08;2025-05-09;FOODORA AB;STOCKHOLM;SEK;0;126
2025-05-08;2025-05-09;ALDARDO;GOTEBORG;SEK;0;145
2025-05-08;2025-05-08;7-ELEVEN 4116150;GOETEBORG;SEK;0;34
2025-05-07;2025-05-08;7-ELEVEN 4116150;GOETEBORG;SEK;0;98
2025-05-06;2025-05-06;HOLY GREENS AB;MALMOE;SEK;0;184
2025-05-05;2025-05-06;DELI OCH COFFEE;GOTEBORG;SEK;0;160
2025-05-04;2025-05-05;WILLYS GOTEBORG HVIT;GOTEBORG;SEK;0;320.7
2025-05-03;2025-05-05;7-ELEVEN 4515158;GOETEBORG;SEK;0;64.9
2025-05-03;2025-05-05;BEETS SALADS BAR;GOTEBORG;SEK;0;468
2025-05-02;2025-05-05;BEETS SALADS BAR;GOTEBORG;SEK;0;149
2025-05-02;2025-05-02;7-ELEVEN 4515158;GOETEBORG;SEK;0;34
2025-05-01;2025-05-02;KLARNA*BESLAGONLINE.;BASTAD;SEK;0;7164
2025-05-01;2025-05-02;7-ELEVEN 4116150;GOETEBORG;SEK;0;109
2025-04-30;2025-05-02;SYSTEMBOLAGET;GOETEBORG;SEK;0;143.3
2025-04-30;2025-05-02;SE0234;GOETEBORG;SEK;0;567
2025-04-30;2025-04-30;7-ELEVEN 4515158;GOETEBORG;SEK;0;55
2025-04-29;2025-04-30;HOLY GREENS AB;MALMOE;SEK;0;273
2025-04-29;2025-04-30;7-ELEVEN 4215200;GOETEBORG;SEK;0;86
2025-04-29;2025-04-30;TWILFIT AB;GOTEBORG;SEK;0;685.92
2025-04-28;2025-04-29;WILLYS GOTEBORG HVIT;GOTEBORG;SEK;0;64.7
2025-04-27;2025-04-28;7-ELEVEN 4515158;GOETEBORG;SEK;0;49
2025-04-27;2025-04-28;VACKER NK GÖTEB;GOTEBORG;SEK;0;1048
2025-04-27;2025-04-28;BAR CENTRO;GOTEBORG;SEK;0;81
2025-04-23;2025-04-24;PASTOR - STORA SALUHAL;GOTEBORG;SEK;0;125
2025-04-22;2025-04-23;HOLY GREENS AB;MALMOE;SEK;0;149
2025-04-22;2025-04-23;ADOORE;STOCKHOLM;SEK;0;1595
2025-04-21;2025-04-22;WILLYS GOTEBORG HVIT;GOTEBORG;SEK;0;258.1
2025-04-18;2025-04-22;JOE  THE JUICE NG AB;GOETEBORG;SEK;0;92
2025-04-18;2025-04-22;WILLYS GOTEBORG HVIT;GOTEBORG;SEK;0;565.5
2025-04-17;2025-04-17;7-ELEVEN 4116150;GOETEBORG;SEK;0;34
2025-04-15;2025-04-15;7-ELEVEN 4116150;GOETEBORG;SEK;0;44
2025-04-15;2025-04-15;SALUHALLEN WRAPSODY;GOETEBORG;SEK;0;180
2025-04-14;2025-04-15;KD APOTEK;GOTEBORG;SEK;0;686.4
2025-04-14;2025-04-15;BEETS;GOTEBORG;SEK;0;290
2025-04-11;2025-04-11;7-ELEVEN 4515158;GOETEBORG;SEK;0;34
2025-04-10;2025-04-10;JOS HALSOCAFE AB;GOETEBORG;SEK;0;135
2025-04-09;2025-04-09;7-ELEVEN 4515158;GOETEBORG;SEK;0;34
2025-04-08;2025-04-09;AKADEMIBOKHANDE;GÖTEBORG;SEK;0;199
2025-04-06;2025-04-07;CHIMI NK GOETEBORG;GOETEBORG;SEK;0;1400
2025-04-05;2025-04-07;UNHCR;DEN HAAG;SEK;0;10
2025-04-05;2025-04-07;UNIQLO GOTHENBURG;GOTHENBURG;SEK;0;1450
2025-04-05;2025-04-07;ZETTLE_*BLIGHTY FOOD C;GOTEBORG;SEK;0;124
2025-04-05;2025-04-07;NK BEAUTY GBG;GA.TEBORG;SEK;0;1315
2025-04-05;2025-04-07;NK KIDS & TEENS GBG;GA.TEBORG;SEK;0;39
2025-04-05;2025-04-07;NK KIDS & TEENS GBG;GA.TEBORG;SEK;0;328
2025-04-04;2025-04-07;ARKET SE0702;GOETEBORG;SEK;0;149
2025-04-04;2025-04-07;KD APOTEK;GOTEBORG;SEK;0;326
2025-04-03;2025-04-04;LIDL 329 GBG KUNGSGATA;GÖTEBORG;SEK;0;166.4
2025-04-03;2025-04-03;JOE  THE JUICE NG AB;GOETEBORG;SEK;0;182
2025-04-02;2025-04-03;WILLYS GOTEBORG HVIT;GOTEBORG;SEK;0;346.82
2025-04-02;2025-04-03;DELI OCH COFFEE;GOTEBORG;SEK;0;150
2025-03-31;2025-04-01;BEETS;GOTEBORG;SEK;0;145
2025-03-30;2025-03-31;HOLY GREENS AB;MALMOE;SEK;0;167
2025-03-30;2025-03-31;PRESSBYRAN 4208168;STOCKHOLM;SEK;0;160
2025-03-29;2025-03-31;PRESSBYRAN 4205143;STOCKHOLM;SEK;0;95
2025-03-29;2025-03-31;TEHUSET;STOCKHOLM;SEK;0;118
2025-03-28;2025-03-31;BEETS;GOTEBORG;SEK;0;149
2025-03-28;2025-03-31;SL;STOCKHOLM;SEK;0;43
2025-03-27;2025-03-28;PRIME GRILL GOETEBORG;GOETEBORG;SEK;0;62
2025-03-26;2025-03-28;WILLYS GOTEBORG HVIT;GOTEBORG;SEK;0;396.8
2025-03-26;2025-03-27;ARKET SE0702;GOETEBORG;SEK;0;149
2025-03-25;2025-03-26;HOLY GREENS AB;MALMOE;SEK;0;258
2025-03-25;2025-03-26;FOODORA AB;STOCKHOLM;SEK;0;-651
2025-03-25;2025-03-26;LIDL 329 GBG KUNGSGATA;GÖTEBORG;SEK;0;92.3
2025-03-25;2025-03-25;SATS KOMPASSEN;GOETEBORG;SEK;0;23
2025-03-24;2025-03-25;HOLY GREENS AB;MALMOE;SEK;0;129
2025-03-24;2025-03-25;SE0234;GOETEBORG;SEK;0;530
2025-03-24;2025-03-25;KICKS 814 KUNGSG, GO;GOTEBORG;SEK;0;1063
2025-03-23;2025-03-24;UBR* PENDING.UBER.COM;AMSTERDAM;SEK;0;123
2025-03-22;2025-03-24;SKANSTORGET RESTAURANG;GOETEBORG;SEK;0;100.8
2025-03-22;2025-03-24;SKANSTORGET RESTAURANG;GOETEBORG;SEK;0;1705.2
2025-03-22;2025-03-24;FOODORA AB;STOCKHOLM;SEK;0;651
2025-03-22;2025-03-24;SKANSTORGET RESTAURANG;GOETEBORG;SEK;0;3343
2025-03-22;2025-03-24;SKANSTORGET RESTAURANG;GOETEBORG;SEK;0;6683.25
2025-03-22;2025-03-24;UBR* PENDING.UBER.COM;AMSTERDAM;SEK;0;102
2025-03-22;2025-03-24;HOTELL HJORTVIK;HINDAAS;SEK;0;1905
2025-03-21;2025-03-24;7-ELEVEN 4116150;GOETEBORG;SEK;0;22
2025-03-21;2025-03-24;AHLENS GOETEBORG KUNGS;GOETEBORG;SEK;0;527
2025-03-21;2025-03-24;FOODORA AB;STOCKHOLM;SEK;0;459
2025-03-21;2025-03-24;BODEGA PARTY;GOTEBORG;SEK;0;517
2025-03-21;2025-03-24;PASTOR - STORA SALUHAL;GOTEBORG;SEK;0;125
2025-03-21;2025-03-24;WILLYS GOTEBORG HVIT;GOTEBORG;SEK;0;1981.77
2025-03-19;2025-03-20;PRESSBYRAN 4344040;GOETEBORG;SEK;0;71
2025-03-18;2025-03-19;JOEANDTHEJUICE;GATEBORG;SEK;0;160
2025-03-17;2025-03-18;BODEGA PARTY;GOTEBORG;SEK;0;326
2025-03-17;2025-03-18;BEETS;GOTEBORG;SEK;0;145
2025-03-16;2025-03-17;WILLYS GOTEBORG HVIT;GOTEBORG;SEK;0;350.24
2025-03-16;2025-03-17;WILLYS GOTEBORG HVIT;GOTEBORG;SEK;0;21.9
2025-03-16;2025-03-17;WILLYS GOTEBORG HVIT;GOTEBORG;SEK;0;176.4
2025-03-16;2025-03-17;BOLT.EU/O/2503152335;TALLINN;SEK;0;91
2025-03-15;2025-03-17;SYSTEMBOLAGET;GOETEBORG;SEK;0;536
2025-03-15;2025-03-17;JOEANDTHEJUICE;GATEBORG;SEK;0;90
2025-03-15;2025-03-17;WILLYS GOTEBORG HVIT;GOTEBORG;SEK;0;19.5
2025-03-14;2025-03-17;PINCHOS HEDEN;GOTEBORG;SEK;0;75
2025-03-14;2025-03-17;ARKET SE0702;GOETEBORG;SEK;0;149
2025-03-14;2025-03-17;7-ELEVEN GBG KUNGSPORT;GOETEBORG;SEK;0;98
2025-03-13;2025-03-14;HARMONI DUMPLINGS;GOTEBORG;SEK;0;85
2025-03-13;2025-03-14;PUTA MADRE/BASQUE;GÖTEBORG;SEK;0;369
2025-03-12;2025-03-13;BEETS;GOTEBORG;SEK;0;149
2025-03-11;2025-03-12;SJ APP;STOCKHOLM;SEK;0;1770
2025-03-11;2025-03-12;BEETS SALADS BAR;GOTEBORG;SEK;0;145
2025-03-10;2025-03-11;DELI OCH COFFEE;GOTEBORG;SEK;0;150
2025-03-10;2025-03-11;BEETS SALADS BAR;GOTEBORG;SEK;0;149
2025-03-10;2025-03-10;7-ELEVEN 4515158;GOETEBORG;SEK;0;51
2025-03-08;2025-03-10;SYSTEMBOLAGET;HALMSTAD;SEK;0;318
2025-03-08;2025-03-10;HEMMAKVÄLL HALM;HALMSTAD;SEK;0;23.9
2025-03-07;2025-03-10;SYSTEMBOLAGET;GOETEBORG;SEK;0;159
2025-03-07;2025-03-07;7-ELEVEN 4116150;GOETEBORG;SEK;0;49
2025-03-06;2025-03-10;NK SKOR GBG;GOTEBORG;SEK;0;4665
2025-03-06;2025-03-07;KD APOTEK;GOTEBORG;SEK;0;95
2025-03-05;2025-03-06;WILLYS GOTEBORG HVIT;GOTEBORG;SEK;0;236.26
2025-03-05;2025-03-05;7-ELEVEN 4515158;GOETEBORG;SEK;0;28
2025-03-04;2025-03-04;7-ELEVEN 4515158;GOETEBORG;SEK;0;67
2025-03-03;2025-03-04;7-ELEVEN 4215200;GOETEBORG;SEK;0;61
2025-03-02;2025-03-03;7-ELEVEN 4116150;GOETEBORG;SEK;0;87
2025-03-02;2025-03-03;VACKER NK GÖTEB;GOTEBORG;SEK;0;808
2025-03-02;2025-03-03;NK BEAUTY GBG;GA.TEBORG;SEK;0;593
2025-02-27;2025-02-28;HOLY GREENS AB;MALMOE;SEK;0;174
2025-02-26;2025-02-27;LIDL 329 GBG KUNGSGATA;GÖTEBORG;SEK;0;106.45
2025-02-22;2025-02-24;FOODORA AB;STOCKHOLM;SEK;0;320
2025-02-22;2025-02-24;7-ELEVEN 4116150;GOETEBORG;SEK;0;76
2025-02-21;2025-02-24;JEPPES FAMILJEKROG AB;G¦TEBORG;SEK;0;528
2025-02-21;2025-02-24;WILLYS GOTEBORG HVIT;GOTEBORG;SEK;0;38.17
2025-02-20;2025-02-21;7-ELEVEN 4515158;GOETEBORG;SEK;0;98
2025-02-20;2025-02-21;PHO KIM;GOTEBORG;SEK;0;116.1
2025-02-20;2025-02-21;CHICCA BELLONI;GOTEBORG;SEK;0;1597.2
2025-02-19;2025-02-20;ARKET SE0702;GOETEBORG;SEK;0;149
2025-02-18;2025-02-19;HOLY GREENS AB;MALMOE;SEK;0;137
2025-02-18;2025-02-19;MR SHOU KUNGSTORGET;GOTEBORG;SEK;0;258
2025-02-18;2025-02-19;BIOPALATSET GOT;GOTEBORG;SEK;0;58
2025-02-17;2025-02-18;SATS KOMPASSEN;GOETEBORG;SEK;0;35
2025-02-16;2025-02-17;CLARION HOTEL POST;GOETEBORG;SEK;0;410
2025-02-15;2025-02-17;NK KIDS & TEENS GBG;GA.TEBORG;SEK;0;291
2025-02-15;2025-02-17;WILLYS GOTEBORG HVIT;GOTEBORG;SEK;0;272.8
2025-02-15;2025-02-17;SARO BLOMSTERMALA REST;SARO;SEK;0;848.1
2025-02-13;2025-02-14;BELLE CELINE AB;GOTEBORG;SEK;0;3385
2025-02-13;2025-02-13;ESPRESSO HOUSE 236;GOETEBORG;SEK;0;138
2025-02-12;2025-02-13;NK BEAUTY GBG;GA.TEBORG;SEK;0;1585
2025-02-10;2025-02-11;JOEANDTHEJUICE;GATEBORG;SEK;0;178
2025-02-10;2025-02-11;POLISEN 1400 GO;GOTEBORG;SEK;0;500
2025-02-10;2025-02-10;7-ELEVEN 4515158;GOETEBORG;SEK;0;34
2025-02-09;2025-02-10;FOODORA AB;STOCKHOLM;SEK;0;459
2025-02-08;2025-02-10;STEINBRENNER OCH NYBER;GOTEBORG;SEK;0;199
2025-02-08;2025-02-10;KD APOTEK;GOTEBORG;SEK;0;745
2025-02-08;2025-02-10;LIDL 329 GBG KUNGSGATA;GÖTEBORG;SEK;0;42.4
2025-02-07;2025-02-10;MA CUISINE;GOTEBORG;SEK;0;4217.4
2025-02-05;2025-02-06;DELI OCH COFFEE;GOTEBORG;SEK;0;160
2025-02-04;2025-02-05;JOE  THE JUICE NG AB;STOCKHOLM;SEK;0;268
2025-02-03;2025-02-04;HOLY GREENS AB;MALMOE;SEK;0;139
2025-02-01;2025-02-03;HOLY GREENS AB;MALMOE;SEK;0;174
2025-02-01;2025-02-03;NK BEAUTY GBG;GA.TEBORG;SEK;0;1335
2025-02-01;2025-02-03;GOTEBORG CITY MAT &;GOTEBORG;SEK;0;408
2025-02-01;2025-02-03;GOTEBORG CITY MAT &;GOTEBORG;SEK;0;304
2025-02-01;2025-02-03;NK TRAVEL GBG;GA.TEBORG;SEK;0;1859
2025-02-01;2025-02-03;7-ELEVEN 4116150;GOETEBORG;SEK;0;56
2025-01-31;2025-02-03;RITUALS COSMETICS SWED;GOETEBORG;SEK;0;999
2025-01-31;2025-02-03;SYSTEMBOLAGET;GOETEBORG;SEK;0;469.6
2025-01-31;2025-02-03;AL BANCO PASTA;GOTEBORG;SEK;0;1300
2025-01-31;2025-02-03;WILLYS GOTEBORG HVIT;GOTEBORG;SEK;0;121.1
2025-01-31;2025-01-31;7-ELEVEN 4515158;GOETEBORG;SEK;0;34
2025-01-30;2025-01-31;DELI OCH COFFEE;GOTEBORG;SEK;0;140
2025-01-29;2025-01-30;JOEANDTHEJUICE;GATEBORG;SEK;0;173
2025-01-29;2025-01-30;LIDL 329 GBG KUNGSGATA;GÖTEBORG;SEK;0;140.4
2025-01-29;2025-01-30;KJELL & CO 69;GOTEBORG;SEK;0;1639.9
2025-01-29;2025-01-30;KJELL & CO 69;GOTEBORG;SEK;0;-699
2025-01-24;2025-01-27;DINE BURGERS;GOTEBORG;SEK;0;148
2025-01-24;2025-01-24;7-ELEVEN 4515158;GOETEBORG;SEK;0;49
2025-01-23;2025-01-27;BIKT;GOTEBORG;SEK;0;310
2025-01-23;2025-01-24;DELI OCH COFFEE;GOTEBORG;SEK;0;157
2025-01-22;2025-01-22;7-ELEVEN 4515158;GOETEBORG;SEK;0;34
2025-01-21;2025-01-22;STUDIO DENTAL GOETEBOR;GOETEBORG;SEK;0;950
2025-01-21;2025-01-22;WILLYS GOTEBORG HVIT;GOTEBORG;SEK;0;241.9
2025-01-21;2025-01-22;TWILFIT AB;GOTEBORG;SEK;0;559.8
2025-01-20;2025-01-21;JOEANDTHEJUICE;GATEBORG;SEK;0;143
2025-01-19;2025-01-20;FLUGGER AB;GOTEBORG;SEK;0;309.3
2025-01-19;2025-01-20;KJELL & CO 69;GOTEBORG;SEK;0;998.8
2025-01-18;2025-01-20;PRESSBYRAN 4028142;GOTEBORG;SEK;0;45
2025-01-18;2025-01-20;WILLYS GOTEBORG HVIT;GOTEBORG;SEK;0;256.02
2025-01-17;2025-01-20;7-ELEVEN 4515158;GOETEBORG;SEK;0;42
2025-01-17;2025-01-20;WIDING O STOLLMAN;GOTEBORG;SEK;0;399
2025-01-17;2025-01-20;ALDARDO;GOTEBORG;SEK;0;180
2025-01-17;2025-01-17;7-ELEVEN 4515158;GOETEBORG;SEK;0;34
2025-01-16;2025-01-17;ZETTLE_*POKE CORNER;GOTEBORG;SEK;0;136
2025-01-16;2025-01-17;LIDL 329 GBG KUNGSGATA;GÖTEBORG;SEK;0;118.6
2025-01-15;2025-01-15;7-ELEVEN 4515158;GOETEBORG;SEK;0;34
2025-01-14;2025-01-15;HOLY GREENS AB;MALMOE;SEK;0;194
2025-01-14;2025-01-14;7-ELEVEN 4116150;GOETEBORG;SEK;0;28
2025-01-13;2025-01-14;7-ELEVEN 4116150;GOETEBORG;SEK;0;23.1
2025-01-13;2025-01-14;BANH MI SHOP;GOTEBORG;SEK;0;115
2025-01-10;2025-01-10;7-ELEVEN 4515158;GOETEBORG;SEK;0;28
2025-01-09;2025-01-10;WILLYS GOTEBORG HVIT;GOTEBORG;SEK;0;512.26
2025-01-09;2025-01-09;7-ELEVEN 4515158;GOETEBORG;SEK;0;28
2025-01-07;2025-01-08;AUTOGRILL ITALIA 7206;FIUMICINO;EUR;7.4;86.84
Valutakurs: 11.735135 Valutapåslag ingår med 2,00 %;;;;;;
2025-01-07;2025-01-08;4051 WHS LS GOT;LANDVETTER;SEK;0;57
2025-01-07;2025-01-08;TRENITALIA - LEFRECCE;ROMA;EUR;19.5;228.85
Valutakurs: 11.735897 Valutapåslag ingår med 2,00 %;;;;;;
2025-01-06;2025-01-07;SUMUP  *BAR GELATERIA;ROMA;EUR;3;35.16
Valutakurs: 11.72 Valutapåslag ingår med 2,00 %;;;;;;
2025-01-06;2025-01-07;DR MAX STATUTO;ROMA;EUR;35.58;416.98
Valutakurs: 11.719505 Valutapåslag ingår med 2,00 %;;;;;;
2025-01-06;2025-01-07;LARINASCENTE TRITONE 1;ROMA;EUR;64;750.04
Valutakurs: 11.719375 Valutapåslag ingår med 2,00 %;;;;;;
2025-01-05;2025-01-08;ATAC TAP&GO;ROMA;EUR;4.5;52.73
Valutakurs: 11.717778 Valutapåslag ingår med 2,00 %;;;;;;
2025-01-05;2025-01-07;VIKTUALIENMARKT 2;M~NCHEN-FLUGH;EUR;27.8;325.8
Valutakurs: 11.719424 Valutapåslag ingår med 2,00 %;;;;;;
2025-01-05;2025-01-07;LUFTHANSA RETAIL INMOT;KOELN;EUR;6;70.32
Valutakurs: 11.72 Valutapåslag ingår med 2,00 %;;;;;;
2025-01-05;2025-01-07;CONAD;ROMA;EUR;31.52;369.39
Valutakurs: 11.719226 Valutapåslag ingår med 2,00 %;;;;;;
2025-01-05;2025-01-07;TRENITALIA - LEFRECCE;ROMA;EUR;28;328.14
Valutakurs: 11.719286 Valutapåslag ingår med 2,00 %;;;;;;
2025-01-05;2025-01-07;IL NUOVO SOLE SRL;ROMA;EUR;10.5;123.05
Valutakurs: 11.719048 Valutapåslag ingår med 2,00 %;;;;;;
2025-01-05;2025-01-07;LARINASCENTE TRITONE 6;ROMA;EUR;255;2988.42
Valutakurs: 11.719294 Valutapåslag ingår med 2,00 %;;;;;;
2025-01-05;2025-01-07;LA RINASCENTE ROMA TRI;ROMA;EUR;199;2332.14
Valutakurs: 11.719296 Valutapåslag ingår med 2,00 %;;;;;;
2025-01-04;2025-01-07;BOLT.EU/O/2501041158;TALLINN;SEK;0;118
2025-01-03;2025-01-07;GOTEBORG CITY MAT &;GOTEBORG;SEK;0;513
2025-01-02;2025-01-03;7-ELEVEN 4515158;GOETEBORG;SEK;0;28
2025-01-02;2025-01-03;FOODORA AB;STOCKHOLM;SEK;0;554
2024-12-31;2025-01-02;NK KOK & DESIGN GBG;GA.TEBORG;SEK;0;455
2024-12-29;2024-12-30;FOODMARKET I HALMSTAD;HALMSTAD;SEK;0;165
2024-12-29;2024-12-30;LAGERHAUS HALMSTAD HAL;HALMSTAD;SEK;0;867
2024-12-28;2024-12-30;ZETTLE_*CHOCOLATERIAN;BASTAD;SEK;0;165
2024-12-26;2024-12-27;SAMSOEE  SAMSOEE;GOETEBORG;SEK;0;2720
2024-12-26;2024-12-27;PRESSBYRAN 4128810;GOETEBORG;SEK;0;53
2024-12-26;2024-12-27;VALLGATAN 12 FA;GOTEBORG;SEK;0;2800
2024-12-26;2024-12-27;MAXI ICA STORMARKNAD M;MELLBYSTRAND;SEK;0;752.41
2024-12-25;2024-12-27;7-ELEVEN 5020148;GOETEBORG;SEK;0;56
2024-12-22;2024-12-27;NK SKOR GBG;GOTEBORG;SEK;0;1450
2024-12-22;2024-12-23;ARTILLERIET KITCHEN;GOETEBORG;SEK;0;1030
2024-12-22;2024-12-23;ARKET SE0702;GOETEBORG;SEK;0;1493
2024-12-22;2024-12-23;GOTEBORG CITY MAT &;GOTEBORG;SEK;0;300
2024-12-21;2024-12-23;WILLYS GOTEBORG HVIT;GOTEBORG;SEK;0;270.68
2024-12-20;2024-12-20;7-ELEVEN 4515158;GOETEBORG;SEK;0;61
2024-12-18;2024-12-19;DELI OCH COFFEE;GOTEBORG;SEK;0;255
2024-12-17;2024-12-18;HEMTEX KUNGSGAT;GOTEBORG;SEK;0;343.9
2024-12-17;2024-12-17;HOLY GREENS AB;MALMOE;SEK;0;129
2024-12-16;2024-12-17;DELI OCH COFFEE;GOTEBORG;SEK;0;155
2024-12-15;2024-12-16;MAX BURGERS 7610004_KI;KOEBENHAVN V;DKK;185;293.49
Valutakurs: 1.586432 Valutapåslag ingår med 2,00 %;;;;;;
2024-12-15;2024-12-16;ZETTLE_*ZANDER EVENTS;FREDERIKSBERG;DKK;95;150.72
Valutakurs: 1.586526 Valutapåslag ingår med 2,00 %;;;;;;
2024-12-15;2024-12-16;ZETTLE_*ARLI EVENT APS;KOBENHAVN K;DKK;30;47.59
Valutakurs: 1.586333 Valutapåslag ingår med 2,00 %;;;;;;
2024-12-15;2024-12-16;WILLYS GOTEBORG HVIT;GOTEBORG;SEK;0;305.7
2024-12-14;2024-12-16;SJ.SE;STOCKHOLM;SEK;0;556
2024-12-14;2024-12-16;7-ELEVEN 4515158;GOETEBORG;SEK;0;55
2024-12-14;2024-12-16;7-ELEVEN 4015207;GOETEBORG;SEK;0;38
2024-12-13;2024-12-13;7-ELEVEN 4515158;GOETEBORG;SEK;0;28
2024-12-12;2024-12-13;FOODORA AB;STOCKHOLM;SEK;0;593
2024-12-10;2024-12-11;7-ELEVEN 4515158;GOETEBORG;SEK;0;16
2024-12-09;2024-12-09;7-ELEVEN KORSETTEN;GOETEBORG;SEK;0;34
2024-12-08;2024-12-09;NK BEAUTY GBG;GA.TEBORG;SEK;0;330
2024-12-07;2024-12-09;NEWPORT;GOETEBORG;SEK;0;584
2024-12-07;2024-12-09;AHLENS GOETEBORG KUNGS;GOETEBORG;SEK;0;205.4
2024-12-05;2024-12-06;NK BEAUTY GBG;GA.TEBORG;SEK;0;330
2024-12-01;2024-12-02;CONDECO AB;GOTEBORG;SEK;0;159
2024-11-30;2024-12-02;SYSTEMBOLAGET;GOETEBORG;SEK;0;314.4
Totalt belopp;;;;;;239581.89
;;;;;;
525412******5419;Jim Bengtsson;;;;;
Köp/uttag;;;;;;
Datum;Bokfört;Specifikation;Ort;Valuta;Utl. belopp;Belopp
2026-01-29;2026-01-30;VASTTRAFIK TO GO;SKOVDE;SEK;0;74
2026-01-29;2026-01-30;VASTTRAFIK TO GO;SKOVDE;SEK;0;74
2026-01-28;2026-01-29;HELP.HBOMAX.COM;STOCKHOLM;SEK;0;74.5
2026-01-27;2026-01-28;WILLYS GOTEBORG HVIT;GOTEBORG;SEK;0;283.23
2026-01-26;2026-01-27;WILLYS GOTEBORG HVIT;GOTEBORG;SEK;0;106.13
2026-01-26;2026-01-27;WILLYS GOTEBORG HVIT;GOTEBORG;SEK;0;159.4
2026-01-25;2026-01-26;PARKERING GÖTEB;GÖTEBORG;SEK;0;518
2026-01-24;2026-01-26;BONNIER NEWS;STOCKHOLM;SEK;0;9
2026-01-24;2026-01-26;PARKERING GÖTEB;GÖTEBORG;SEK;0;414
2026-01-24;2026-01-26;FLUGGER AB;GOTEBORG;SEK;0;584.57
2026-01-23;2026-01-26;SWAY;GOTEBORG;SEK;0;630
2026-01-23;2026-01-26;FISKEKROGEN;GOTEBORG;SEK;0;5076.75
2026-01-23;2026-01-23;SYSTEMBOLAGET;GOETEBORG;SEK;0;406.7
2026-01-22;2026-01-23;CLASOHLSON.COM/SE;INSJON;SEK;0;128.9
2026-01-22;2026-01-23;WILLYS GOTEBORG HVIT;GOTEBORG;SEK;0;328.74
2026-01-22;2026-01-23;WILLYS GOTEBORG HVIT;GOTEBORG;SEK;0;284
2026-01-21;2026-01-21;JOE  THE JUICE NG AB;GOETEBORG;SEK;0;296
2026-01-19;2026-01-20;MARBODAL;GOTEBORG;SEK;0;297
2026-01-18;2026-01-19;CLASOHLSON.COM/SE;INSJON;SEK;0;209.7
2026-01-18;2026-01-19;SPOTIFY P3E8032732;STOCKHOLM;SEK;0;129
2026-01-17;2026-01-20;SALUT MAT  VINBAR;GOTEBORG;SEK;0;1000
2026-01-17;2026-01-19;UBR* PENDING.UBER.COM;AMSTERDAM;SEK;0;198
2026-01-17;2026-01-19;UBR* PENDING.UBER.COM;AMSTERDAM;SEK;0;173
2026-01-17;2026-01-19;NK KOK & DESIGN GBG;GA.TEBORG;SEK;0;598
2026-01-16;2026-01-19;WILLYS GOTEBORG HVIT;GOTEBORG;SEK;0;337.15
2026-01-16;2026-01-19;WILLYS GOTEBORG HVIT;GOTEBORG;SEK;0;309.1
2026-01-16;2026-01-16;NETFLIX.COM;LOS GATOS;SEK;0;199
2026-01-13;2026-01-14;BOLT.EU/O/2601130958;TALLINN;SEK;0;107
2026-01-13;2026-01-14;STYLE BARBERSHOP;GOTEBORG;SEK;0;389
2026-01-13;2026-01-14;VASTTRAFIK TO GO;SKOVDE;SEK;0;74
2026-01-13;2026-01-13;KLARNA BONNIER-LOCAL;STOCKHOLM;SEK;0;25
2026-01-11;2026-01-12;CLASOHLSON.COM/SE;INSJON;SEK;0;74.8
2026-01-11;2026-01-12;TM *TICKETMASTER;TICKETMASTER;SEK;0;1770
2026-01-11;2026-01-12;WILLYS GOTEBORG HVIT;GOTEBORG;SEK;0;195.49
2026-01-09;2026-01-12;FOODORA AB;STOCKHOLM;SEK;0;419
2026-01-08;2026-01-09;WILLYS GOTEBORG HVIT;GOTEBORG;SEK;0;130.97
2026-01-07;2026-01-09;W*MMSPORTS.SE;ASKIM;SEK;0;1326
2026-01-07;2026-01-08;SNUSBOLAGET.SE;HANINGE;SEK;0;1139.9
2026-01-07;2026-01-08;WILLYS GOTEBORG HVIT;GOTEBORG;SEK;0;271.34
2026-01-07;2026-01-08;WILLYS GOTEBORG HVIT;GOTEBORG;SEK;0;427.1
2026-01-07;2026-01-08;WILLYS GOTEBORG HVIT;GOTEBORG;SEK;0;43.9
2026-01-06;2026-01-07;AMAZON PRIME;LUXEMBOURG;SEK;0;69
2026-01-06;2026-01-07;UBR* PENDING.UBER.COM;AMSTERDAM;SEK;0;85
2026-01-06;2026-01-07;WILLYS GOTEBORG HVIT;GOTEBORG;SEK;0;87.8
2026-01-05;2026-01-07;SYSTEMBOLAGET;GOETEBORG;SEK;0;941
2026-01-05;2026-01-07;APOTEK HJARTAT KUNGSGA;GOTEBORG;SEK;0;39.9
2026-01-05;2026-01-07;BOSS GBG;GA.TEBORG;SEK;0;4549
2026-01-05;2026-01-07;WILLYS GOTEBORG HVIT;GOTEBORG;SEK;0;111.5
2026-01-05;2026-01-07;WILLYS GOTEBORG HVIT;GOTEBORG;SEK;0;280.3
2026-01-05;2026-01-07;WILLYS GOTEBORG HVIT;GOTEBORG;SEK;0;408.76
2026-01-05;2026-01-07;WILLYS GOTEBORG HVIT;GOTEBORG;SEK;0;43.9
2026-01-04;2026-01-07;Q*LAMPGROSSEN.SE;VELLINGE;SEK;0;337
2026-01-02;2026-01-05;LOOMISP*STEINBRENNER-9;MOLNDAL;SEK;0;317
2026-01-02;2026-01-05;WILLYS GOTEBORG HVIT;GOTEBORG;SEK;0;137.37
2026-01-02;2026-01-05;WILLYS GOTEBORG HVIT;GOTEBORG;SEK;0;216.2
2026-01-01;2026-01-02;NINTENDO CB1537289961;FRANKFURT AM;SEK;0;199
2026-01-01;2026-01-02;PARKERING GÖTEB;GÖTEBORG;SEK;0;47
2025-12-31;2026-01-02;ICA KVANTUM LERUM;LERUM;SEK;0;1272.07
2025-12-31;2026-01-02;7-ELEVEN 4116150;GOETEBORG;SEK;0;53
2025-12-30;2026-01-02;SYSTEMBOLAGET;GOETEBORG;SEK;0;418
2025-12-30;2026-01-02;CAPRIS;GOTEBORG;SEK;0;650
2025-12-30;2026-01-02;VASTTRAFIK TO GO;SKOVDE;SEK;0;74
2025-12-30;2026-01-02;VASTTRAFIK TO GO;SKOVDE;SEK;0;74
2025-12-29;2025-12-30;ESPRESSO HOUSE 420;GOETEBORG;SEK;0;57
2025-12-29;2025-12-30;BOLT.EU/O/2512291128;TALLINN;SEK;0;162
2025-12-29;2025-12-30;VASTTRAFIK TO GO;SKOVDE;SEK;0;74
2025-12-29;2025-12-30;BEETS SALADS BAR;GOTEBORG;SEK;0;318
2025-12-29;2025-12-29;ESPRESSO HOUSE 420;GOETEBORG;SEK;0;43
2025-12-28;2025-12-29;HELP.HBOMAX.COM;STOCKHOLM;SEK;0;74.5
2025-12-28;2025-12-29;MM SPORTS AB;GOTEBORG;SEK;0;79
2025-12-28;2025-12-29;HEMTEX KUNGSGAT;GOTEBORG;SEK;0;829.8
2025-12-28;2025-12-29;WILLYS GOTEBORG HVIT;GOTEBORG;SEK;0;115.03
2025-12-28;2025-12-29;WILLYS GOTEBORG HVIT;GOTEBORG;SEK;0;262.28
2025-12-26;2025-12-29;ST1 G¦TEBORG STUREPLAT;G¦TEBORG;SEK;0;550.59
2025-12-25;2025-12-29;BOLT.EU/O/2512250019;TALLINN;SEK;0;97
2025-12-24;2025-12-29;BOLT.EU/O/2512240854;TALLINN;SEK;0;103
2025-12-23;2025-12-29;SYSTEMBOLAGET;GOETEBORG;SEK;0;963.6
2025-12-23;2025-12-29;NEWPORT;GOETEBORG;SEK;0;756
2025-12-23;2025-12-29;UBR* PENDING.UBER.COM;AMSTERDAM;SEK;0;101
2025-12-23;2025-12-29;UBR* PENDING.UBER.COM;AMSTERDAM;SEK;0;95
2025-12-23;2025-12-29;FESKEKORKA;GOTEBORG;SEK;0;509
2025-12-23;2025-12-29;WILLYS GOTEBORG HVIT;GOTEBORG;SEK;0;399.8
2025-12-23;2025-12-29;WILLYS GOTEBORG HVIT;GOTEBORG;SEK;0;282.7
2025-12-22;2025-12-23;BOLT.EU/O/2512221445;TALLINN;SEK;0;116
2025-12-22;2025-12-23;VASTTRAFIK TO GO;SKOVDE;SEK;0;111
2025-12-22;2025-12-23;SE01020 TZ-SHOP;GOTEBORG;SEK;0;5
2025-12-22;2025-12-23;SE01020 TZ-SHOP;GOTEBORG;SEK;0;90
2025-12-22;2025-12-23;DIREKTEN OSTRA SJUKH;GOTEBORG;SEK;0;131
2025-12-22;2025-12-23;APOTEK HJARTAT KUNGSGA;GOTEBORG;SEK;0;39.9
2025-12-22;2025-12-23;NK KOK & DESIGN GBG;GA.TEBORG;SEK;0;2090
2025-12-22;2025-12-22;BOLT.EU/O/2512212252;TALLINN;SEK;0;84
2025-12-20;2025-12-22;SVEA*GOLVVARMEB;HALMSTAD;SEK;0;66
2025-12-19;2025-12-22;WILLYS GOTEBORG HVIT;GOTEBORG;SEK;0;170.3
2025-12-19;2025-12-22;WILLYS GOTEBORG HVIT;GOTEBORG;SEK;0;207.6
2025-12-18;2025-12-19;APOTEK HJARTAT KUNGSGA;GOTEBORG;SEK;0;90.9
2025-12-18;2025-12-19;WILLYS GOTEBORG HVIT;GOTEBORG;SEK;0;263.52
2025-12-18;2025-12-19;SE01020 TZ-SHOP;GOTEBORG;SEK;0;580
2025-12-18;2025-12-18;SPOTIFY P3D89E7989;STOCKHOLM;SEK;0;129
2025-12-16;2025-12-17;WILLYS GOTEBORG HVIT;GOTEBORG;SEK;0;177.35
2025-12-16;2025-12-16;NETFLIX.COM;LOS GATOS;SEK;0;199
2025-12-14;2025-12-15;SVEA*GOLVVARMEB;HALMSTAD;SEK;0;89
2025-12-14;2025-12-15;WILLYS GOTEBORG HVIT;GOTEBORG;SEK;0;246.2
2025-12-13;2025-12-15;WILLYS GOTEBORG HVIT;GOTEBORG;SEK;0;395.34
2025-12-13;2025-12-15;WILLYS GOTEBORG HVIT;GOTEBORG;SEK;0;308.9
2025-12-13;2025-12-15;KLARNA BONNIER-LOCAL;STOCKHOLM;SEK;0;25
2025-12-13;2025-12-15;SYSTEMBOLAGET;GOETEBORG;SEK;0;396
2025-12-12;2025-12-15;WILLYS GOTEBORG HVIT;GOTEBORG;SEK;0;222.23
2025-12-12;2025-12-15;WILLYS GOTEBORG HVIT;GOTEBORG;SEK;0;147.66
2025-12-12;2025-12-12;KLARNA APOTEA.SE;STOCKHOLM;SEK;0;321
2025-12-11;2025-12-12;S O LARSSON;GOTEBORG;SEK;0;99
2025-12-11;2025-12-12;VASTTRAFIK TO GO;SKOVDE;SEK;0;37
2025-12-11;2025-12-12;VASTTRAFIK TO GO;SKOVDE;SEK;0;37
2025-12-10;2025-12-11;WILLYS GOTEBORG HVIT;GOTEBORG;SEK;0;191.5
2025-12-09;2025-12-10;FOODORA AB;STOCKHOLM;SEK;0;281.4
2025-12-09;2025-12-10;CLAS OHLSON;GOTEBORG;SEK;0;969
2025-12-07;2025-12-08;KLARNA SMALANDSGRAN;STOCKHOLM;SEK;0;1315
2025-12-07;2025-12-08;NINTENDO CB1515360161;FRANKFURT AM;SEK;0;19
2025-12-06;2025-12-08;AMAZON PRIME;LUXEMBOURG;SEK;0;69
2025-12-06;2025-12-08;VACKER NK GÖTEB;GOTEBORG;SEK;0;297
2025-12-06;2025-12-08;WILLYS GOTEBORG HVIT;GOTEBORG;SEK;0;202.4
2025-12-05;2025-12-08;WILLYS GOTEBORG HVIT;GOTEBORG;SEK;0;272.8
2025-12-05;2025-12-08;WILLYS GOTEBORG HVIT;GOTEBORG;SEK;0;301.39
2025-12-05;2025-12-08;S O LARSSON;GOTEBORG;SEK;0;124
2025-12-04;2025-12-05;AFTONBLADET.SE;STOCKHOLM;SEK;0;1
2025-12-02;2025-12-05;W*MMSPORTS.SE;ASKIM;SEK;0;1099
2025-12-01;2025-12-02;WILLYS GOTEBORG HVIT;GOTEBORG;SEK;0;129.37
2025-12-01;2025-12-02;WILLYS GOTEBORG HVIT;GOTEBORG;SEK;0;242.3
2025-11-30;2025-12-01;ELLOS AB;BORAS;SEK;0;3148.1
2025-11-29;2025-12-01;AVARDA*BAGAREN OCH KOC;G TEBORG;SEK;0;997
2025-11-29;2025-12-01;7-ELEVEN 4215200;GOETEBORG;SEK;0;35
2025-11-29;2025-12-01;APOTEK HJARTAT KUNGSGA;GOTEBORG;SEK;0;39.9
2025-11-29;2025-12-01;WILLYS GOTEBORG HVIT;GOTEBORG;SEK;0;326.31
2025-11-29;2025-12-01;WILLYS GOTEBORG HVIT;GOTEBORG;SEK;0;302.3
2025-11-29;2025-12-01;VASTTRAFIK TO GO;SKOVDE;SEK;0;74
2025-11-29;2025-12-01;VASTTRAFIK TO GO;SKOVDE;SEK;0;74
2025-11-29;2025-12-01;MIO E-HANDEL AB;TIBRO;SEK;0;22427.2
2025-11-28;2025-12-01;HBOMAX HELP.HBOMAX.COM;STOCKHOLM;SEK;0;74.5
2025-11-28;2025-12-01;WILLYS GOTEBORG HVIT;GOTEBORG;SEK;0;85.6
2025-11-27;2025-11-28;LIDL329GBGKUNGSGATAN;GOTEBORG;SEK;0;35.9
2025-11-25;2025-11-26;LIDL329GBGKUNGSGATAN;GOTEBORG;SEK;0;18.8
2025-11-24;2025-11-25;S O LARSSON;GOTEBORG;SEK;0;99
2025-11-24;2025-11-25;WILLYS GOTEBORG HVIT;GOTEBORG;SEK;0;255.09
2025-11-23;2025-11-24;7-ELEVEN 4116150;GOETEBORG;SEK;0;50
2025-11-22;2025-11-24;SYSTEMBOLAGET;GOETEBORG;SEK;0;314.7
2025-11-22;2025-11-24;UBR* PENDING.UBER.COM;AMSTERDAM;SEK;0;102
2025-11-22;2025-11-24;WILLYS GOTEBORG HVIT;GOTEBORG;SEK;0;462.96
2025-11-22;2025-11-24;WILLYS GOTEBORG HVIT;GOTEBORG;SEK;0;272.25
2025-11-21;2025-11-24;ELBODEN I GBG;GOTEBORG;SEK;0;267
2025-11-19;2025-11-20;WILLYS GOTEBORG HVIT;GOTEBORG;SEK;0;188.77
2025-11-18;2025-11-18;SPOTIFY P3C8515FE4;STOCKHOLM;SEK;0;129
2025-11-17;2025-11-18;BOLT.EU/O/2511171235;TALLINN;SEK;0;94
2025-11-17;2025-11-18;VASTTRAFIK TO GO;SKOVDE;SEK;0;74
2025-11-16;2025-11-17;SULTAN DONER;GOTEBORG;SEK;0;280
2025-11-16;2025-11-17;SNUSBOLAGET.SE;HANINGE;SEK;0;1356
2025-11-16;2025-11-17;WILLYS GOTEBORG HVIT;GOTEBORG;SEK;0;282.7
2025-11-15;2025-11-17;UBR* PENDING.UBER.COM;AMSTERDAM;SEK;0;73
2025-11-15;2025-11-17;EVION HOTELL &;GOTEBORG;SEK;0;96
2025-11-15;2025-11-17;NETFLIX.COM;AMSTERDAM;SEK;0;199
2025-11-15;2025-11-17;GOTEBORG CITY MAT &;GOTEBORG;SEK;0;130
2025-11-15;2025-11-17;PARK LANE RESTA;GOTEBORG;SEK;0;224
2025-11-13;2025-11-14;WILLYS GOTEBORG HVIT;GOTEBORG;SEK;0;129.27
2025-11-13;2025-11-14;WILLYS GOTEBORG HVIT;GOTEBORG;SEK;0;132.7
2025-11-13;2025-11-13;KLARNA BONNIER-LOCAL;STOCKHOLM;SEK;0;25
2025-11-12;2025-11-13;JINX DYNASTY;GOTEBORG;SEK;0;1485
2025-11-11;2025-11-12;STYLE BARBERSHOP;GOTEBORG;SEK;0;389
2025-11-11;2025-11-12;APOTEK HJARTAT KUNGSGA;GOTEBORG;SEK;0;51
2025-11-10;2025-11-11;WILLYS GOTEBORG HVIT;GOTEBORG;SEK;0;483.73
2025-11-09;2025-11-10;WILLYS GOTEBORG HVIT;GOTEBORG;SEK;0;271.81
2025-11-08;2025-11-10;MAXI ICA STORMARKNAD M;MELLBYSTRAND;SEK;0;286.71
2025-11-07;2025-11-10;SYSTEMBOLAGET;GOETEBORG;SEK;0;1234.5
2025-11-07;2025-11-10;JULA SVERIGE AB 411;GOETEBORG;SEK;0;189.5
2025-11-07;2025-11-10;PARKERING GÖTEB;GÖTEBORG;SEK;0;83
2025-11-07;2025-11-10;PARKERING GÖTEB;GÖTEBORG;SEK;0;28
2025-11-07;2025-11-10;NK BEAUTY GBG;GA.TEBORG;SEK;0;330
2025-11-07;2025-11-10;MCDVARBERGNORD;VARBERG;SEK;0;388
2025-11-06;2025-11-07;FOODORA AB;STOCKHOLM;SEK;0;345.5
2025-11-06;2025-11-07;AMAZON PRIME;LUXEMBOURG;SEK;0;69
2025-11-03;2025-11-04;S O LARSSON;GOTEBORG;SEK;0;99
2025-11-03;2025-11-04;IDROTTSREHAB;GA.TEBORG;SEK;0;200
2025-11-02;2025-11-03;WILLYS GOTEBORG HVIT;GOTEBORG;SEK;0;248.84
2025-11-02;2025-11-03;WILLYS GOTEBORG HVIT;GOTEBORG;SEK;0;207.65
2025-11-01;2025-11-03;UBR* PENDING.UBER.COM;AMSTERDAM;SEK;0;138
2025-11-01;2025-11-03;UBR* PENDING.UBER.COM;AMSTERDAM;SEK;0;149
2025-11-01;2025-11-03;VASTTRAFIK TO GO;SKOVDE;SEK;0;37
2025-11-01;2025-11-03;VASTTRAFIK TO GO;SKOVDE;SEK;0;37
2025-10-31;2025-11-03;S O LARSSON;GOTEBORG;SEK;0;99
2025-10-31;2025-11-03;STADIUM FREDSGA;GOTEBORG;SEK;0;1102
2025-10-31;2025-11-03;APOTEK HJARTAT KUNGSGA;GOTEBORG;SEK;0;139
2025-10-31;2025-11-03;WILLYS GOTEBORG HVIT;GOTEBORG;SEK;0;277.06
2025-10-30;2025-10-31;NINTENDO CC1493081666;FRANKFURT AM;SEK;0;309
2025-10-30;2025-10-31;ZETTLE_*BABYSCREEN SWE;GOTEBORG;SEK;0;4990
2025-10-30;2025-10-31;W*MMSPORTS.SE;ASKIM;SEK;0;1099
2025-10-30;2025-10-31;BUN GBG;GOTEBORG;SEK;0;129
2025-10-29;2025-10-30;UBR* PENDING.UBER.COM;AMSTERDAM;SEK;0;116
2025-10-29;2025-10-30;S O LARSSON;GOTEBORG;SEK;0;119
2025-10-28;2025-10-29;HBO NORDIC;STOCKHOLM;SEK;0;64.5
2025-10-28;2025-10-29;JINX DYNASTY;GOTEBORG;SEK;0;130
2025-10-28;2025-10-29;CLAS OHLSON;GOTEBORG;SEK;0;99.9
2025-10-26;2025-10-27;WILLYS GOTEBORG HVIT;GOTEBORG;SEK;0;396.14
2025-10-26;2025-10-27;NEWBODY AB;ASKIM;SEK;0;1880
2025-10-25;2025-10-27;W*NORDISKAGALLERIET;STOCKHOLM;SEK;0;6350
2025-10-25;2025-10-27;WILLYS GOTEBORG HVIT;GOTEBORG;SEK;0;255.31
2025-10-25;2025-10-27;WILLYS GOTEBORG HVIT;GOTEBORG;SEK;0;212.8
2025-10-25;2025-10-27;NINTENDO CC1490100850;FRANKFURT AM;SEK;0;165
2025-10-24;2025-10-27;S O LARSSON;GOTEBORG;SEK;0;99
2025-10-23;2025-10-24;VOYAGE GBG AB;GOTHENBURG;SEK;0;908.43
2025-10-19;2025-10-20;SNUSBOLAGET.SE;HANINGE;SEK;0;1109.7
2025-10-19;2025-10-20;EVENT BOOKING (RACEID);STOCKHOLM;SEK;0;480
2025-10-19;2025-10-20;PARKERING GÖTEB;GÖTEBORG;SEK;0;191
2025-10-19;2025-10-20;WILLYS GOTEBORG HVIT;GOTEBORG;SEK;0;296.55
2025-10-19;2025-10-20;WILLYS GOTEBORG HVIT;GOTEBORG;SEK;0;207
2025-10-19;2025-10-20;EASYPARK;EASYPARK.SE;SEK;0;46.5
2025-10-18;2025-10-20;CIRCLE K OREBRO EUROST;OREBRO;SEK;0;537.81
2025-10-18;2025-10-20;SPOTIFY P3B976EF2B;STOCKHOLM;SEK;0;129
2025-10-17;2025-10-20;MAX BURGERS 2010100_KI;ALINGSAS;SEK;0;212
2025-10-17;2025-10-20;ST1 G¦TEBORG STUREPLAT;G¦TEBORG;SEK;0;543.66
2025-10-16;2025-10-16;NETFLIX.COM;020790637;SEK;0;199
2025-10-15;2025-10-16;TV4 PLAY;STOCKHOLM;SEK;0;399
2025-10-15;2025-10-16;ENOTECA SASSI;GOTEBORG;SEK;0;579.6
2025-10-13;2025-10-14;APOTEK HJARTAT KUNGSGA;GOTEBORG;SEK;0;94.9
2025-10-13;2025-10-13;KLARNA BONNIER-LOCAL;STOCKHOLM;SEK;0;25
2025-10-12;2025-10-13;WILLYS GOTEBORG HVIT;GOTEBORG;SEK;0;144.6
2025-10-12;2025-10-13;WILLYS GOTEBORG HVIT;GOTEBORG;SEK;0;151.18
2025-10-12;2025-10-13;WILLYS GOTEBORG HVIT;GOTEBORG;SEK;0;80.11
2025-10-11;2025-10-13;WILLYS GOTEBORG HVIT;GOTEBORG;SEK;0;319.79
2025-10-10;2025-10-13;VIAPLAY;STOCKHOLM;SEK;0;399
2025-10-10;2025-10-13;WILLYS GOTEBORG HVIT;GOTEBORG;SEK;0;216.74
2025-10-10;2025-10-13;WILLYS GOTEBORG HVIT;GOTEBORG;SEK;0;244.7
2025-10-07;2025-10-08;APOTEK HJARTAT KUNGSGA;GOTEBORG;SEK;0;55
2025-10-07;2025-10-08;WILLYS GOTEBORG HVIT;GOTEBORG;SEK;0;285.36
2025-10-06;2025-10-07;AMAZON PRIME;WWW.AMAZON.SE;SEK;0;69
2025-10-06;2025-10-07;VR RESA;STOCKHOLM;SEK;0;-1159
2025-10-05;2025-10-06;ZETTLE_*CHEAP NOODLES;STOCKHOLM;SEK;0;90
2025-10-05;2025-10-06;5151 RITAZZA ST;STOCKHOLM;SEK;0;109
2025-10-05;2025-10-06;VASTTRAFIK TO GO;SKOVDE;SEK;0;74
2025-10-05;2025-10-06;SL;STOCKHOLM;SEK;0;43
2025-10-04;2025-10-06;NYX*SANIBOXAB;NACKA;SEK;0;10
2025-10-04;2025-10-06;ICA SUPERMARKET RINGEN;STOCKHOLM;SEK;0;118.7
2025-10-04;2025-10-06;SL;STOCKHOLM;SEK;0;129
2025-10-03;2025-10-06;SYSTEMBOLAGET;GOETEBORG;SEK;0;348
2025-10-03;2025-10-06;ZETTLE_*VR SNABBTAG SV;STOCKHOLM;SEK;0;50
2025-10-03;2025-10-06;SL;STOCKHOLM;SEK;0;43
2025-10-01;2025-10-02;WILLYS GOTEBORG HVIT;GOTEBORG;SEK;0;169.65
2025-09-29;2025-09-30;HEMKOP GOTEBORG NORD;GOTEBORG;SEK;0;46.95
2025-09-29;2025-09-29;WEBHALLEN SVERIGE AB;GOETEBORG;SEK;0;990
2025-09-28;2025-09-29;SNUSBOLAGET.SE;HANINGE;SEK;0;1009.75
2025-09-28;2025-09-29;HELP.HBOMAX.COM;STOCKHOLM;SEK;0;64.5
2025-09-28;2025-09-29;MM SPORTS AB;GOTEBORG;SEK;0;329
2025-09-28;2025-09-29;WILLYS GOTEBORG HVIT;GOTEBORG;SEK;0;122.82
2025-09-28;2025-09-29;WILLYS GOTEBORG HVIT;GOTEBORG;SEK;0;248.4
2025-09-28;2025-09-29;BOLT.EU/O/2509272149;TALLINN;SEK;0;122
2025-09-27;2025-09-30;W*MMSPORTS.SE;ASKIM;SEK;0;1248
2025-09-24;2025-09-25;WILLYS GOTEBORG HVIT;GOTEBORG;SEK;0;272
2025-09-24;2025-09-25;WILLYS GOTEBORG HVIT;GOTEBORG;SEK;0;125.7
2025-09-24;2025-09-25;VASTTRAFIKBLIPP;SKOVDE;SEK;0;37
2025-09-22;2025-09-22;7-ELEVEN GBG KUNGSGATA;GOETEBORG;SEK;0;104
2025-09-21;2025-09-22;KRONANS APOTEK AB;GOETEBORG;SEK;0;89
2025-09-21;2025-09-22;ZETTLE_*JIMMY   JOAN S;GOTEBORG;SEK;0;300
2025-09-21;2025-09-22;VR RESA;STOCKHOLM;SEK;0;3856
2025-09-21;2025-09-22;WILLYS GOTEBORG HVIT;GOTEBORG;SEK;0;342.94
2025-09-20;2025-09-22;SYSTEMBOLAGET;GOETEBORG;SEK;0;411.7
2025-09-20;2025-09-22;FESKEKORKA;GOTEBORG;SEK;0;111.5
2025-09-20;2025-09-22;WILLYS GOTEBORG HVIT;GOTEBORG;SEK;0;242.27
2025-09-20;2025-09-22;VASTTRAFIK TO GO;SKOVDE;SEK;0;37
2025-09-20;2025-09-22;VASTTRAFIK TO GO;SKOVDE;SEK;0;37
2025-09-20;2025-09-22;APOTEKET KUNGSGATAN;GOETEBORG;SEK;0;115
2025-09-19;2025-09-22;APOTEK HJARTAT KUNGSGA;GOTEBORG;SEK;0;179
2025-09-18;2025-09-19;7-ELEVEN 4215200;GOETEBORG;SEK;0;104
2025-09-18;2025-09-18;SPOTIFY P3AA7FC64C;STOCKHOLM;SEK;0;129
2025-09-17;2025-09-18;SKANSHOF;GOETEBORG;SEK;0;351
2025-09-17;2025-09-18;ON AIR GAME SHOWS SWED;GOTEBORG;SEK;0;264
2025-09-17;2025-09-18;ON AIR GAME SHOWS SWED;GOTEBORG;SEK;0;89
2025-09-17;2025-09-18;ON AIR GAME SHOWS SWED;GOTEBORG;SEK;0;89
2025-09-17;2025-09-17;7-ELEVEN GBG KUNGSGATA;GOETEBORG;SEK;0;52
2025-09-16;2025-09-16;NETFLIX.COM;020790637;SEK;0;199
2025-09-15;2025-09-16;TV4 PLAY;STOCKHOLM;SEK;0;399
2025-09-15;2025-09-15;7-ELEVEN 4515158;GOETEBORG;SEK;0;52
2025-09-13;2025-09-15;WILLYS GOTEBORG HVIT;GOTEBORG;SEK;0;149.5
2025-09-13;2025-09-15;WILLYS GOTEBORG HVIT;GOTEBORG;SEK;0;278.96
2025-09-13;2025-09-15;KLARNA BONNIER-LOCAL;STOCKHOLM;SEK;0;25
2025-09-12;2025-09-15;BOLT.EU/O/2509122111;TALLINN;SEK;0;160
2025-09-12;2025-09-15;TOSO;GOTEBORG;SEK;0;2337.5
2025-09-12;2025-09-15;STORKOKET I GOT;GOTEBORG;SEK;0;617.4
2025-09-11;2025-09-12;STYLE BARBERSHOP;GOTEBORG;SEK;0;389
2025-09-08;2025-09-09;SNUSBOLAGET.SE;HANINGE;SEK;0;999
2025-09-08;2025-09-09;IDROTTSREHAB;GA.TEBORG;SEK;0;200
2025-09-07;2025-09-08;APOTEA.SE;STOCKHOLM;SEK;0;321
2025-09-07;2025-09-08;WILLYS GOTEBORG HVIT;GOTEBORG;SEK;0;23.53
2025-09-07;2025-09-08;WILLYS GOTEBORG HVIT;GOTEBORG;SEK;0;377.58
2025-09-06;2025-09-08;AMAZON PRIME;WWW.AMAZON.SE;SEK;0;69
2025-09-05;2025-09-08;VITA DUVAN;GOTEBORG;SEK;0;370
2025-09-05;2025-09-08;SYSTEMBOLAGET;GOETEBORG;SEK;0;266.7
2025-09-03;2025-09-04;STYR  STAELL;GOTHENBURG;SEK;0;20
2025-09-03;2025-09-04;APOTEK HJARTAT KUNGSGA;GOTEBORG;SEK;0;130.8
2025-09-03;2025-09-04;WILLYS GOTEBORG HVIT;GOTEBORG;SEK;0;218.41
2025-09-01;2025-09-02;S O LARSSON;GOTEBORG;SEK;0;99
2025-08-31;2025-09-01;PARKERING GÖTEB;GÖTEBORG;SEK;0;56
2025-08-30;2025-09-01;PARKERING GÖTEB;GÖTEBORG;SEK;0;57
2025-08-30;2025-09-01;ST1 SANDSJ¦BACKA ÖST;LINDOME;SEK;0;360.64
2025-08-30;2025-09-01;NK KIDS & TEENS GBG;GA.TEBORG;SEK;0;39
2025-08-30;2025-09-01;NK KIDS & TEENS GBG;GA.TEBORG;SEK;0;249
2025-08-29;2025-09-01;WILLYS GOTEBORG HVIT;GOTEBORG;SEK;0;39.8
2025-08-28;2025-08-29;HELP.HBOMAX.COM;STOCKHOLM;SEK;0;64.5
2025-08-28;2025-08-29;HALLANDSTRAFIKE;FALKENBERG;SEK;0;409
2025-08-27;2025-08-28;HALLANDSTRAFIKE;FALKENBERG;SEK;0;409
2025-08-27;2025-08-28;VASTTRAFIK TO GO;SKOVDE;SEK;0;74
2025-08-27;2025-08-28;DRESSMANN 680;GOTEBORG;SEK;0;299
2025-08-26;2025-08-27;WILLYS GOTEBORG HVIT;GOTEBORG;SEK;0;162.25
2025-08-25;2025-08-26;AHLENS GOETEBORG KUNGS;GOETEBORG;SEK;0;39
2025-08-24;2025-08-25;14M2BAO.SE* LOCO Ö 14M;GOTEBORG;SEK;0;288
2025-08-24;2025-08-25;KLARNA SNUSBOLAGET.S;STOCKHOLM;SEK;0;1828.9
2025-08-23;2025-08-26;W*MMSPORTS.SE;ASKIM;SEK;0;1532
2025-08-23;2025-08-25;WILLYS GOTEBORG HVIT;GOTEBORG;SEK;0;202.31
2025-08-23;2025-08-25;WILLYS GOTEBORG HVIT;GOTEBORG;SEK;0;83.8
2025-08-23;2025-08-25;WILLYS GOTEBORG HVIT;GOTEBORG;SEK;0;119.86
2025-08-23;2025-08-25;WILLYS GOTEBORG HVIT;GOTEBORG;SEK;0;290.23
2025-08-21;2025-08-22;7-ELEVEN 4515158;GOETEBORG;SEK;0;104
2025-08-20;2025-08-21;NINTENDO CC1454396757;FRANKFURT AM;SEK;0;359
2025-08-20;2025-08-20;7-ELEVEN 4515158;GOETEBORG;SEK;0;52
2025-08-19;2025-08-19;7-ELEVEN 4515158;GOETEBORG;SEK;0;52
2025-08-18;2025-08-19;AMAZONMKTPLC*RU6PV3OH4;WWW.AMAZON.SE;SEK;0;178
2025-08-18;2025-08-18;SPOTIFY P39A562705;STOCKHOLM;SEK;0;119
2025-08-17;2025-08-18;7-ELEVEN 4515158;GOETEBORG;SEK;0;52
2025-08-17;2025-08-18;WILLYS GOTEBORG HVIT;GOTEBORG;SEK;0;271.87
2025-08-16;2025-08-18;NETFLIX.COM;020790637;SEK;0;199
2025-08-15;2025-08-18;TV4 PLAY;STOCKHOLM;SEK;0;399
2025-08-15;2025-08-18;LIDL329GBGKUNGSGATAN;STOCKHOLM;SEK;0;245.28
2025-08-15;2025-08-15;7-ELEVEN 4515158;GOETEBORG;SEK;0;52
2025-08-13;2025-08-14;APOTEK HJARTAT KUNGSGA;GOTEBORG;SEK;0;79
2025-08-13;2025-08-14;WILLYS GOTEBORG HVIT;GOTEBORG;SEK;0;331.59
2025-08-13;2025-08-14;WILLYS GOTEBORG HVIT;GOTEBORG;SEK;0;237.2
2025-08-13;2025-08-14;VASTTRAFIKBLIPP;SKOVDE;SEK;0;37
2025-08-13;2025-08-13;KLARNA BONNIER-LOCAL;STOCKHOLM;SEK;0;149
2025-08-13;2025-08-13;7-ELEVEN 4515158;GOETEBORG;SEK;0;52
2025-08-11;2025-08-13;IDROTTSREHAB;GA.TEBORG;SEK;0;200
2025-08-10;2025-08-13;TORPA;LANGHEM;SEK;0;66
2025-08-10;2025-08-13;TORPA;LANGHEM;SEK;0;135
2025-08-09;2025-08-11;WILLYS GOTEBORG HVIT;GOTEBORG;SEK;0;61.8
2025-08-08;2025-08-12;SVEA*ALSENS.COM;TRANAS;SEK;0;116
2025-08-08;2025-08-11;CLAS OHLSON;GOTEBORG;SEK;0;354.6
2025-08-06;2025-08-07;AMAZON PRIME;WWW.AMAZON.SE;SEK;0;69
2025-08-04;2025-08-05;APPLE.COM/BILL;ITUNES.COM;SEK;0;995
2025-08-04;2025-08-05;WILLYS GOTEBORG HVIT;GOTEBORG;SEK;0;311.9
2025-08-03;2025-08-04;ZETTLE_*BUD O TAXI STJ;FALKENBERG;SEK;0;167
2025-08-03;2025-08-04;WILLYS GOTEBORG HVIT;GOTEBORG;SEK;0;298.14
2025-08-03;2025-08-04;WILLYS GOTEBORG HVIT;GOTEBORG;SEK;0;217.5
2025-08-03;2025-08-04;VASTTRAFIK TO GO;SKOVDE;SEK;0;74
2025-08-03;2025-08-04;KRONANS APOTEK AB;GOETEBORG;SEK;0;41.7
2025-08-02;2025-08-04;UBR* PENDING.UBER.COM;AMSTERDAM;SEK;0;98
2025-08-02;2025-08-04;VASTTRAFIK TO GO;SKOVDE;SEK;0;22
2025-08-02;2025-08-04;MS* GRANDHOTELFALKENB;FALKENBERG;SEK;0;2108
2025-08-01;2025-08-04;VASTTRAFIK TO GO;SKOVDE;SEK;0;74
2025-08-01;2025-08-04;VILLA BELPARC;GOTEBORG;SEK;0;191
2025-08-01;2025-08-04;VILLA BELPARC;GOTEBORG;SEK;0;177
2025-08-01;2025-08-04;VILLA BELPARC;GOTEBORG;SEK;0;210
2025-08-01;2025-08-04;WILLYS GOTEBORG HVIT;GOTEBORG;SEK;0;462.97
2025-07-31;2025-08-01;HORNBACH GOTEBORG;GOTEBORG;SEK;0;207.95
2025-07-31;2025-08-01;VASTTRAFIK TO GO;SKOVDE;SEK;0;37
2025-07-30;2025-07-31;PARKSTER SWE;LUND;SEK;0;66
2025-07-30;2025-07-31;PARKSTER SWE;LUND;SEK;0;68
2025-07-28;2025-07-29;HELP.HBOMAX.COM;STOCKHOLM;SEK;0;64.5
2025-07-28;2025-07-28;SYSTEMBOLAGET;GOETEBORG;SEK;0;1236.7
2025-07-27;2025-07-29;W*MMSPORTS.SE;ASKIM;SEK;0;1198
2025-07-27;2025-07-28;VASTTRAFIK TO GO;SKOVDE;SEK;0;74
2025-07-27;2025-07-28;VASTTRAFIK TO GO;SKOVDE;SEK;0;74
2025-07-26;2025-07-28;UBR* PENDING.UBER.COM;AMSTERDAM;SEK;0;103
2025-07-26;2025-07-28;SJ.SE;STOCKHOLM;SEK;0;1025
2025-07-25;2025-07-28;CLAS OHLSON;GOTEBORG;SEK;0;279.7
2025-07-24;2025-07-25;SYSTEMBOLAGET;ASKIM;SEK;0;460
2025-07-24;2025-07-25;WILLYS GOTEBORG HVIT;GOTEBORG;SEK;0;260.66
2025-07-23;2025-07-24;WILLYS GOTEBORG HVIT;GOTEBORG;SEK;0;154
2025-07-23;2025-07-24;WILLYS GOTEBORG HVIT;GOTEBORG;SEK;0;83.8
2025-07-21;2025-07-22;SNUSBOLAGET.SE;HANINGE;SEK;0;1349.1
2025-07-21;2025-07-22;MAXI ICA STORMARKNAD M;MELLBYSTRAND;SEK;0;510.17
2025-07-20;2025-07-21;BASTAD HAMNRESTAURAN;BASTAD;SEK;0;609
2025-07-20;2025-07-21;PARKSTER SWE;LUND;SEK;0;70
2025-07-20;2025-07-21;FOODTRUCK GELATO TERMI;ANGELHOLM;SEK;0;177
2025-07-19;2025-07-21;PARKSTER SWE;LUND;SEK;0;42
2025-07-19;2025-07-21;TOPEJA BJÄRE AB;BAASTAD;SEK;0;874.65
2025-07-19;2025-07-21;NORRVIKEN;BASTAD;SEK;0;825
2025-07-18;2025-07-21;PARKSTER SWE;LUND;SEK;0;48
2025-07-18;2025-07-21;MAXI ICA STORMARKNAD M;MELLBYSTRAND;SEK;0;344.43
2025-07-18;2025-07-21;ROGER NILSSON STAVERSH;VAXTORP;SEK;0;120
2025-07-18;2025-07-18;APPLE.COM/SE;077-140-04-84;SEK;0;999
2025-07-18;2025-07-18;SPOTIFY P38B05FAE7;STOCKHOLM;SEK;0;119
2025-07-17;2025-07-18;GOTO HUB AB;HELSINGBORG;SEK;0;1170
2025-07-17;2025-07-18;MAXI ICA STORMARKNAD M;MELLBYSTRAND;SEK;0;128.7
2025-07-17;2025-07-18;MAXI ICA STORMARKNAD M;MELLBYSTRAND;SEK;0;363.66
2025-07-16;2025-07-16;NETFLIX.COM;020790637;SEK;0;199
2025-07-15;2025-07-17;AURORA;HELSINGBORG;SEK;0;192
2025-07-15;2025-07-17;AURORA;HELSINGBORG;SEK;0;204
2025-07-15;2025-07-17;AXELHUS BODEGA;HELSINGOR;DKK;212;326.41
Valutakurs: 1.53967 Valutapåslag ingår med 2,00 %;;;;;;
2025-07-15;2025-07-16;TV4 PLAY;STOCKHOLM;SEK;0;299
2025-07-15;2025-07-16;NORDSJALLANDS V;HELSINGOR;DKK;299;460.36
Valutakurs: 1.539666 Valutapåslag ingår med 2,00 %;;;;;;
2025-07-15;2025-07-16;V[RFTETS MADMAR;HELSINGOER;DKK;253;389.53
Valutakurs: 1.539644 Valutapåslag ingår med 2,00 %;;;;;;
2025-07-13;2025-07-14;CIRCLE K VARBERG NORD;VARBERG;SEK;0;159.23
2025-07-13;2025-07-14;STROMMA SWEDEN;STOCKHOLM;SEK;0;1080
2025-07-13;2025-07-14;WILLYS GOTEBORG HVIT;GOTEBORG;SEK;0;86.9
2025-07-13;2025-07-14;KLARNA BONNIER-LOCAL;STOCKHOLM;SEK;0;149
2025-07-13;2025-07-14;EASYPARK;EASYPARK.SE;SEK;0;60
2025-07-12;2025-07-14;WILLYS GOTEBORG HVIT;GOTEBORG;SEK;0;123.6
2025-07-12;2025-07-14;WILLYS GOTEBORG HVIT;GOTEBORG;SEK;0;330.29
2025-07-12;2025-07-14;CLAS OHLSON;HISINGS BACKA;SEK;0;958.4
2025-07-11;2025-07-14;FAMILJEN PAX;GOTEBORG;SEK;0;3409.35
2025-07-11;2025-07-14;ALTHALLENSFARGTAPETERA;ASKIM;SEK;0;843
2025-07-10;2025-07-11;PARKERING GÖTEB;GÖTEBORG;SEK;0;20
2025-07-10;2025-07-11;WILLYS GOTEBORG HVIT;GOTEBORG;SEK;0;297.46
2025-07-09;2025-07-10;SYSTEMBOLAGET;GOETEBORG;SEK;0;589.3
2025-07-08;2025-07-09;SYSTEMBOLAGET;GOETEBORG;SEK;0;426
2025-07-08;2025-07-09;STYLE BARBERSHOP;GOTEBORG;SEK;0;389
2025-07-08;2025-07-09;WEBHALLEN.COM;SOLNA;SEK;0;12990
2025-07-08;2025-07-09;S O LARSSON;GOTEBORG;SEK;0;99
2025-07-07;2025-07-08;BGA.SE;GAVLE;SEK;0;409.8
2025-07-07;2025-07-08;IDROTTSREHAB;GA.TEBORG;SEK;0;200
2025-07-07;2025-07-08;WILLYS GOTEBORG HVIT;GOTEBORG;SEK;0;233
2025-07-06;2025-07-07;AMAZON PRIME;WWW.AMAZON.SE;SEK;0;69
2025-07-05;2025-07-07;WILLYS GOTEBORG HVIT;GOTEBORG;SEK;0;284.1
2025-07-05;2025-07-07;WILLYS GOTEBORG HVIT;GOTEBORG;SEK;0;139.3
2025-07-03;2025-07-04;VASTTRAFIKBLIPP;SKOVDE;SEK;0;74
2025-07-02;2025-07-03;7-ELEVEN KORSETTEN;GOETEBORG;SEK;0;52
2025-07-02;2025-07-03;AHLENS GOETEBORG KUNGS;GOETEBORG;SEK;0;59
2025-07-02;2025-07-03;APOTEK HJARTAT KUNGSGA;GOTEBORG;SEK;0;299
2025-07-01;2025-07-02;WILLYS GOTEBORG HVIT;GOTEBORG;SEK;0;242.75
2025-07-01;2025-07-02;WILLYS GOTEBORG HVIT;GOTEBORG;SEK;0;152
2025-06-30;2025-07-01;FOODORA AB;STOCKHOLM;SEK;0;353
2025-06-29;2025-06-30;VASTTRAFIKBLIPP;SKOVDE;SEK;0;37
2025-06-29;2025-06-30;OCHE GOETEBORG AB;OECKEROE;SEK;0;88
2025-06-28;2025-06-30;ZAMENHOF;GOTEBORG;SEK;0;99
2025-06-28;2025-06-30;ZAMENHOF;GOTEBORG;SEK;0;99
2025-06-28;2025-06-30;MUGWORT S BBQ SHACK;GOTEBORG;SEK;0;238
2025-06-28;2025-06-30;HELP.MAX.COM;STOCKHOLM;SEK;0;64.5
2025-06-28;2025-06-30;VASTTRAFIK TO GO;SKOVDE;SEK;0;37
2025-06-28;2025-06-30;VASTTRAFIK TO GO;SKOVDE;SEK;0;37
2025-06-28;2025-06-30;PAINTBALLFABRIKEN;BILLDAL;SEK;0;285
2025-06-27;2025-06-30;NINTENDO CC1424311687;FRANKFURT AM;SEK;0;280
2025-06-27;2025-06-30;MM SPORTS AB;GOTEBORG;SEK;0;79
2025-06-27;2025-06-30;APOTEK HJARTAT KUNGSGA;GOTEBORG;SEK;0;105
2025-06-26;2025-06-27;BOLT.EU/O/2506262040;TALLINN;SEK;0;93
2025-06-26;2025-06-27;BOLT.EU/O/2506261652;TALLINN;SEK;0;67
2025-06-24;2025-06-25;AMAZONMKTPLC*668KT9DS5;WWW.AMAZON.SE;SEK;0;179
2025-06-24;2025-06-25;APOTEK HJARTAT KUNGSGA;GOTEBORG;SEK;0;55
2025-06-23;2025-06-24;WILLYS GOTEBORG HVIT;GOTEBORG;SEK;0;377.39
2025-06-23;2025-06-23;BOLT.EU/O/2506222147;TALLINN;SEK;0;62
2025-06-22;2025-06-23;FOODORA AB;STOCKHOLM;SEK;0;243
2025-06-22;2025-06-23;SNUSBOLAGET.SE;HANINGE;SEK;0;2277.7
2025-06-21;2025-06-23;WILLYS GOTEBORG HVIT;GOTEBORG;SEK;0;113.6
2025-06-21;2025-06-23;WILLYS GOTEBORG HVIT;GOTEBORG;SEK;0;85.8
2025-06-20;2025-06-23;7-ELEVEN 4515158;GOETEBORG;SEK;0;147
2025-06-18;2025-06-19;SYSTEMBOLAGET;GOETEBORG;SEK;0;835.2
2025-06-18;2025-06-18;SPOTIFY P37C91DB39;STOCKHOLM;SEK;0;119
2025-06-17;2025-06-17;STYR  STAELL;GOTHENBURG;SEK;0;289
2025-06-17;2025-06-17;7-ELEVEN 4515158;GOETEBORG;SEK;0;52
2025-06-16;2025-06-17;NEXTBIKESE;GOTHENBURG;SEK;0;1
2025-06-16;2025-06-17;NEXTBIKESE;GOTHENBURG;SEK;0;10
2025-06-16;2025-06-17;JINX DYNASTY;GOTEBORG;SEK;0;130
2025-06-16;2025-06-17;IDROTTSREHAB;GA.TEBORG;SEK;0;200
2025-06-16;2025-06-17;APOTEK HJARTAT KUNGSGA;GOTEBORG;SEK;0;90.9
2025-06-16;2025-06-16;NETFLIX.COM;020790637;SEK;0;199
2025-06-15;2025-06-16;TV4 PLAY;STOCKHOLM;SEK;0;299
2025-06-14;2025-06-16;WILLYS GOTEBORG HVIT;GOTEBORG;SEK;0;242.61
2025-06-14;2025-06-16;WILLYS GOTEBORG HVIT;GOTEBORG;SEK;0;175.2
2025-06-14;2025-06-16;WILLYS GOTEBORG HVIT;GOTEBORG;SEK;0;151.83
2025-06-13;2025-06-16;7-ELEVEN 4515158;GOETEBORG;SEK;0;101
2025-06-13;2025-06-16;BOLT.EU/O/2506131839;TALLINN;SEK;0;80
2025-06-13;2025-06-13;KLARNA BONNIER-LOCAL;STOCKHOLM;SEK;0;149
2025-06-12;2025-06-13;BOLT.EU/O/2506122039;TALLINN;SEK;0;97
2025-06-11;2025-06-12;WILLYS GOTEBORG HVIT;GOTEBORG;SEK;0;567.38
2025-06-10;2025-06-12;WILLYS GOTEBORG HVIT;GOTEBORG;SEK;0;206.46
2025-06-10;2025-06-12;WILLYS GOTEBORG HVIT;GOTEBORG;SEK;0;123.7
2025-06-10;2025-06-10;KITCHENS.SE;STOCKHOLM;SEK;0;3674
2025-06-09;2025-06-10;7-ELEVEN 4515158;GOETEBORG;SEK;0;52
2025-06-08;2025-06-09;BLIGHTY FOOD CONNECTIO;VALLDA;SEK;0;432
2025-06-08;2025-06-09;VASTTRAFIK TO GO;SKOVDE;SEK;0;74
2025-06-07;2025-06-09;KLARNA*APOTEA;INTERNET;SEK;0;321
2025-06-07;2025-06-09;IKEA SVENSKA FORSALJNI;ODAKRA-VALA;SEK;0;2694
2025-06-06;2025-06-09;AMAZON PRIME;WWW.AMAZON.SE;SEK;0;69
2025-06-05;2025-06-09;NINTENDO CC1410760108;FRANKFURT AM;SEK;0;72
2025-06-05;2025-06-09;WILLYS GOTEBORG HVIT;GOTEBORG;SEK;0;420.79
2025-06-05;2025-06-09;WILLYS GOTEBORG HVIT;GOTEBORG;SEK;0;42.9
2025-06-04;2025-06-05;S O LARSSON;GOTEBORG;SEK;0;99
2025-06-03;2025-06-03;7-ELEVEN 4515158;GOETEBORG;SEK;0;52
2025-06-02;2025-06-03;FOODORA AB;STOCKHOLM;SEK;0;437
2025-06-02;2025-06-03;S O LARSSON;GOTEBORG;SEK;0;99
2025-06-01;2025-06-02;7-ELEVEN 4116150;GOETEBORG;SEK;0;52
2025-06-01;2025-06-02;UBR* PENDING.UBER.COM;AMSTERDAM;SEK;0;120
2025-05-31;2025-06-02;BOLT.EU/O/2505311117;TALLINN;SEK;0;92
2025-05-31;2025-06-02;ZETTLE_*VILLA ODINSLUN;GOTEBORG;SEK;0;140
2025-05-31;2025-06-02;ZETTLE_*VILLA ODINSLUN;GOTEBORG;SEK;0;80
2025-05-31;2025-06-02;BEETS SALADS BAR;GOTEBORG;SEK;0;318
2025-05-30;2025-06-02;APOTEKET KUNGSGATAN;GOETEBORG;SEK;0;19.9
2025-05-30;2025-06-02;BOLT.EU/O/2505301546;TALLINN;SEK;0;74
2025-05-30;2025-06-02;AKADEMIBOKHANDE;GÖTEBORG;SEK;0;118
2025-05-30;2025-06-02;MR SHOU KUNGSTORGET;GOTEBORG;SEK;0;135
2025-05-30;2025-06-02;VALLGATAN 12 FA;GOTEBORG;SEK;0;5499
2025-05-30;2025-05-30;7-ELEVEN 4515158;GOETEBORG;SEK;0;52
2025-05-29;2025-05-30;KARMA;STOCKHOLM;SEK;0;189
2025-05-29;2025-05-30;STORKÖKET I GÖT;GOTEBORG;SEK;0;79
2025-05-29;2025-05-30;BOLT.EU/O/2505282333;TALLINN;SEK;0;58
2025-05-28;2025-05-30;HELP.MAX.COM;STOCKHOLM;SEK;0;64.5
2025-05-28;2025-05-30;SYSTEMBOLAGET;GOETEBORG;SEK;0;258
2025-05-28;2025-05-30;BOLT.EU/O/2505281729;TALLINN;SEK;0;68
2025-05-28;2025-05-30;STYLE BARBERSHOP;GOTEBORG;SEK;0;659
2025-05-28;2025-05-30;REMANNS HOGTIDSKLADE;GOTEBORG;SEK;0;950
2025-05-28;2025-05-28;7-ELEVEN 4515158;GOETEBORG;SEK;0;86
2025-05-26;2025-05-27;JINX DYNASTY;GOTEBORG;SEK;0;130
2025-05-26;2025-05-27;GOTEBORGSVARVET;GOTEBORG;SEK;0;1398
2025-05-26;2025-05-27;WILLYS GOTEBORG HVIT;GOTEBORG;SEK;0;260.5
2025-05-25;2025-05-26;WILLYS GOTEBORG HVIT;GOTEBORG;SEK;0;177.9
2025-05-25;2025-05-26;7-ELEVEN 4515158;GOETEBORG;SEK;0;52
2025-05-24;2025-05-27;W*MMSPORTS.SE;ASKIM;SEK;0;956
2025-05-24;2025-05-26;KARAOKE-VERSION;LILLE;EUR;1.99;22.16
Valutakurs: 11.135678 Valutapåslag ingår med 2,00 %;;;;;;
2025-05-24;2025-05-26;GOTEBORG CITY MAT &;GOTEBORG;SEK;0;150
2025-05-24;2025-05-26;BOLT.EU/O/2505232315;TALLINN;SEK;0;96
2025-05-23;2025-05-26;BOLT.EU/O/2505231921;TALLINN;SEK;0;60
2025-05-23;2025-05-26;S O LARSSON;GOTEBORG;SEK;0;99
2025-05-23;2025-05-26;MM SPORTS AB;GOTEBORG;SEK;0;239
2025-05-23;2025-05-23;7-ELEVEN 4515158;GOETEBORG;SEK;0;52
2025-05-22;2025-05-23;VASTTRAFIK TO GO;SKOVDE;SEK;0;7
2025-05-22;2025-05-23;BUN GBG;GOTEBORG;SEK;0;119
2025-05-21;2025-05-22;STATION LINNE 1;GOTEBORG;SEK;0;105
2025-05-21;2025-05-22;STATION LINNE 1;GOTEBORG;SEK;0;295
2025-05-21;2025-05-22;JINX DYNASTY;GOTEBORG;SEK;0;130
2025-05-21;2025-05-22;VASTTRAFIK TO GO;SKOVDE;SEK;0;37
2025-05-21;2025-05-22;VASTTRAFIK TO GO;SKOVDE;SEK;0;37
2025-05-20;2025-05-21;WILLYS GOTEBORG HVIT;GOTEBORG;SEK;0;316.99
2025-05-18;2025-05-19;WILLYS GOTEBORG HVIT;GOTEBORG;SEK;0;185.93
2025-05-18;2025-05-19;BOLT.EU/O/2505172303;TALLINN;SEK;0;152
2025-05-18;2025-05-19;TIPTAPP.CO* TIPTAPP.CO;GOTEBORG;SEK;0;789
2025-05-18;2025-05-19;SPOTIFY P36E5D2F1D;STOCKHOLM;SEK;0;119
2025-05-17;2025-05-19;APPLE.COM/BILL;ITUNES.COM;SEK;0;40
2025-05-17;2025-05-19;ZETTLE_*SNEAKY STEVE;GOTEBORG;SEK;0;1189.3
2025-05-17;2025-05-19;DA MATTEO - MAGASINSGA;GOETEBORG;SEK;0;209
2025-05-16;2025-05-19;BARABICU;GOTEBORG;SEK;0;1683
2025-05-16;2025-05-19;FESKEKOERKAN;GOTEBORG;SEK;0;85
2025-05-16;2025-05-19;FESKEKOERKAN;GOTEBORG;SEK;0;210
2025-05-16;2025-05-19;FILMSTADEN AB;STOCKHOLM;SEK;0;537
2025-05-16;2025-05-19;BIOPALATSET GOT;GOTEBORG;SEK;0;46
2025-05-16;2025-05-19;WILLYS GOTEBORG HVIT;GOTEBORG;SEK;0;78.48
2025-05-16;2025-05-16;NETFLIX.COM;AMSTERDAM;SEK;0;199
2025-05-15;2025-05-16;TV4 PLAY;STOCKHOLM;SEK;0;299
2025-05-15;2025-05-16;UBR* PENDING.UBER.COM;AMSTERDAM;SEK;0;105
2025-05-15;2025-05-16;WILLYS GOTEBORG HVIT;GOTEBORG;SEK;0;66.71
2025-05-15;2025-05-16;VASTTRAFIK TO GO;SKOVDE;SEK;0;37
2025-05-15;2025-05-16;VASTTRAFIK TO GO;SKOVDE;SEK;0;37
2025-05-14;2025-05-15;PRESSBYRAN 4250150;STOCKHOLM;SEK;0;95.3
2025-05-14;2025-05-15;POTTAN - GÖTEBO;GOTEBORG;SEK;0;10
2025-05-13;2025-05-14;PRESSBYRAN GBG CSTN;GOETEBORG;SEK;0;91.93
2025-05-13;2025-05-13;KLARNA BONNIER-LOCAL;STOCKHOLM;SEK;0;25
2025-05-12;2025-05-13;S O LARSSON;GOTEBORG;SEK;0;99
2025-05-12;2025-05-13;APOTEK HJARTAT KUNGSGA;GOTEBORG;SEK;0;137.5
2025-05-11;2025-05-12;WILLYS GOTEBORG HVIT;GOTEBORG;SEK;0;305.1
2025-05-10;2025-05-12;STIGBERGET RESTAURANGE;GOETEBORG;SEK;0;177
2025-05-10;2025-05-12;STIGBERGET RESTAURANGE;GOETEBORG;SEK;0;1618.05
2025-05-10;2025-05-12;STORKÖKET I GÖT;GOTEBORG;SEK;0;365
2025-05-10;2025-05-12;STORKÖKET I GÖT;GOTEBORG;SEK;0;208
2025-05-10;2025-05-12;WILLYS GOTEBORG HVIT;GOTEBORG;SEK;0;101.67
2025-05-09;2025-05-12;S O LARSSON;GOTEBORG;SEK;0;99
2025-05-08;2025-05-09;FAMILJEN ORRMYR KUNGSP;GOTEBORG;SEK;0;330
2025-05-07;2025-05-12;BSH HOME APPLIANCES AB;SUNDBYBERG;SEK;0;3807
2025-05-07;2025-05-09;VASTTRAFIK TO GO;SKOVDE;SEK;0;37
2025-05-07;2025-05-09;VASTTRAFIK TO GO;SKOVDE;SEK;0;37
2025-05-07;2025-05-09;BAMBA;GOTEBORG;SEK;0;330
2025-05-07;2025-05-09;O/O BAR;GOTEBORG;SEK;0;95
2025-05-06;2025-05-07;WILLYS GOTEBORG HVIT;GOTEBORG;SEK;0;472.06
2025-05-04;2025-05-05;MM SPORTS AB;GOTEBORG;SEK;0;498
2025-05-03;2025-05-05;REMANNS HOGTIDSKLADE;GOTEBORG;SEK;0;1300
2025-05-02;2025-05-05;WILLYS GOTEBORG HVIT;GOTEBORG;SEK;0;98.6
2025-05-02;2025-05-05;DELI OCH COFFEE;GOTEBORG;SEK;0;130
2025-05-01;2025-05-02;APPLE.COM/BILL;020100529;SEK;0;99
2025-05-01;2025-05-02;UBR* PENDING.UBER.COM;AMSTERDAM;SEK;0;95
2025-05-01;2025-05-02;STORSTUGAN;FJARAS;SEK;0;430
2025-05-01;2025-05-02;MATSAL STORGATA;KUNGSBACKA;SEK;0;480
2025-04-30;2025-05-02;UBR* PENDING.UBER.COM;AMSTERDAM;SEK;0;160
2025-04-30;2025-05-02;STYLE BARBERSHOP;GOTEBORG;SEK;0;389
2025-04-30;2025-05-02;S O LARSSON;GOTEBORG;SEK;0;89
2025-04-30;2025-05-02;LOOMISP*LATERIAN GOTEB;GOTEBORG;SEK;0;79
2025-04-29;2025-05-02;BARABICU;GOTEBORG;SEK;0;489.5
2025-04-29;2025-04-29;7-ELEVEN 4515158;GOETEBORG;SEK;0;27
2025-04-28;2025-04-29;HELP.MAX.COM;STOCKHOLM;SEK;0;64.5
2025-04-28;2025-04-29;JINX DYNASTY;GOTEBORG;SEK;0;130
2025-04-27;2025-04-28;Q*HTTPS://WWW.DAMMS;UPPSALA;SEK;0;148
2025-04-27;2025-04-28;VASTTRAFIK TO GO;SKOVDE;SEK;0;74
2025-04-27;2025-04-28;VASTTRAFIK TO GO;SKOVDE;SEK;0;66
2025-04-27;2025-04-28;DUBBEL DUBBEL SURBRUNN;GOTEBORG;SEK;0;550
2025-04-26;2025-04-28;FOODORA AB;STOCKHOLM;SEK;0;362
2025-04-26;2025-04-28;WILLYS GOTEBORG HVIT;GOTEBORG;SEK;0;431.32
2025-04-25;2025-04-28;S O LARSSON;GOTEBORG;SEK;0;109
2025-04-25;2025-04-28;MM SPORTS AB;GOTEBORG;SEK;0;249
2025-04-24;2025-04-25;S O LARSSON;GOTEBORG;SEK;0;109
2025-04-23;2025-04-24;S O LARSSON;GOTEBORG;SEK;0;89
2025-04-22;2025-04-23;WILLYS GOTEBORG HVIT;GOTEBORG;SEK;0;233.1
2025-04-21;2025-04-22;PARKERING GÖTEB;GÖTEBORG;SEK;0;438
2025-04-21;2025-04-22;MM SPORTS AB;GOTEBORG;SEK;0;79
2025-04-21;2025-04-22;CLAS OHLSON;GOTEBORG;SEK;0;159
2025-04-20;2025-04-22;PARKERING GÖTEB;GÖTEBORG;SEK;0;9
2025-04-20;2025-04-22;PARKERING GÖTEB;GÖTEBORG;SEK;0;19
2025-04-20;2025-04-22;PARKERING GÖTEB;GÖTEBORG;SEK;0;20
2025-04-20;2025-04-22;PARKERING GÖTEB;GÖTEBORG;SEK;0;19
2025-04-20;2025-04-22;RESTORIA AB - DINNER;GOTEBORG;SEK;0;4840
2025-04-19;2025-04-22;UBR* PENDING.UBER.COM;AMSTERDAM;SEK;0;85
2025-04-19;2025-04-22;UBR* PENDING.UBER.COM;AMSTERDAM;SEK;0;92
2025-04-19;2025-04-22;SYSTEMBOLAGET;GOETEBORG;SEK;0;1051
2025-04-19;2025-04-22;7-ELEVEN 4515158;GOETEBORG;SEK;0;180
2025-04-18;2025-04-22;BJELIN SWEDEN AB;VIKEN;SEK;0;15124.1
2025-04-18;2025-04-22;SPOTIFY P35F737674;STOCKHOLM;SEK;0;119
2025-04-16;2025-04-17;JINX DYNASTY;GOTEBORG;SEK;0;130
2025-04-16;2025-04-17;WILLYS GOTEBORG HVIT;GOTEBORG;SEK;0;146.18
2025-04-16;2025-04-16;NETFLIX.COM;AMSTERDAM;SEK;0;199
2025-04-16;2025-04-16;7-ELEVEN 4515158;GOETEBORG;SEK;0;51
2025-04-15;2025-04-16;TV4 PLAY;STOCKHOLM;SEK;0;299
2025-04-15;2025-04-16;LOOMISP*CAFE KVARNPIRE;GOTEBORG;SEK;0;34
2025-04-15;2025-04-16;LOOMISP*CAFE KVARNPIRE;GOTEBORG;SEK;0;37
2025-04-13;2025-04-14;KLARNA*SNUSBOLAGET.S;HANINGE;SEK;0;2183.9
2025-04-13;2025-04-14;KLARNA*VITVARUEXPERT;INTERNET;SEK;0;10929
2025-04-13;2025-04-14;KLARNA BONNIER-LOCAL;STOCKHOLM;SEK;0;25
2025-04-12;2025-04-14;UBR* PENDING.UBER.COM;AMSTERDAM;SEK;0;94
2025-04-12;2025-04-14;WILLYS GOTEBORG HVIT;GOTEBORG;SEK;0;271.57
2025-04-11;2025-04-14;SYSTEMBOLAGET;GOETEBORG;SEK;0;99
2025-04-11;2025-04-14;S O LARSSON;GOTEBORG;SEK;0;89
2025-04-11;2025-04-14;WILLYS GOTEBORG HVIT;GOTEBORG;SEK;0;87.57
2025-04-11;2025-04-14;WILLYS GOTEBORG HVIT;GOTEBORG;SEK;0;259.78
2025-04-09;2025-04-10;S O LARSSON;GOTEBORG;SEK;0;104
2025-04-08;2025-04-09;VASTTRAFIK TO GO;SKOVDE;SEK;0;37
2025-04-08;2025-04-09;VASTTRAFIK TO GO;SKOVDE;SEK;0;37
2025-04-06;2025-04-08;W*MMSPORTS.SE;ASKIM;SEK;0;899
2025-04-06;2025-04-07;UBR* PENDING.UBER.COM;AMSTERDAM;SEK;0;95
2025-04-06;2025-04-07;UBR* PENDING.UBER.COM;AMSTERDAM;SEK;0;95
2025-04-06;2025-04-07;UBR* PENDING.UBER.COM;AMSTERDAM;SEK;0;95
2025-04-05;2025-04-07;APOTEKET KORSVAEGEN;GOETEBORG;SEK;0;110.8
2025-04-05;2025-04-07;ELGIGANTEN.SE;KISTAD;SEK;0;7490
2025-04-05;2025-04-07;WILLYS GOTEBORG HVIT;GOTEBORG;SEK;0;318.83
2025-04-05;2025-04-07;WILLYS GOTEBORG HVIT;GOTEBORG;SEK;0;308.4
2025-04-05;2025-04-07;VASTTRAFIK TO GO;SKOVDE;SEK;0;74
2025-04-05;2025-04-07;VASTTRAFIK TO GO;SKOVDE;SEK;0;74
2025-04-03;2025-04-04;BEETS SALADS BAR;GOTEBORG;SEK;0;149
2025-04-01;2025-04-02;WILLYS GOTEBORG HVIT;GOTEBORG;SEK;0;330.4
2025-04-01;2025-04-02;WILLYS GOTEBORG HVIT;GOTEBORG;SEK;0;345
2025-03-30;2025-03-31;LAGARDERE DUTY FREE G;GDANSK;PLN;10;26.71
Valutakurs: 2.671 Valutapåslag ingår med 2,00 %;;;;;;
2025-03-30;2025-03-31;KLUB PARLAMENT BAR IV;GDANSK;PLN;10;26.71
Valutakurs: 2.671 Valutapåslag ingår med 2,00 %;;;;;;
2025-03-30;2025-03-31;KLUB PARLAMENT BAR IV;GDANSK;PLN;42;112.18
Valutakurs: 2.670952 Valutapåslag ingår med 2,00 %;;;;;;
2025-03-30;2025-03-31;BOLT.EU/O/2503301750;WARSAW;PLN;59.1;157.86
Valutakurs: 2.671066 Valutapåslag ingår med 2,00 %;;;;;;
2025-03-30;2025-03-31;MUZEUM BISTRO;GDANSK;PLN;6.5;17.36
Valutakurs: 2.670769 Valutapåslag ingår med 2,00 %;;;;;;
2025-03-30;2025-03-31;GREEN EGG SP. Z O.O.;GDANSK;PLN;67;178.95
Valutakurs: 2.670896 Valutapåslag ingår med 2,00 %;;;;;;
2025-03-29;2025-03-31;KLUB PARLAMENT XI;GDANSK;PLN;10;26.71
Valutakurs: 2.671 Valutapåslag ingår med 2,00 %;;;;;;
2025-03-29;2025-03-31;BOLT.EU/R/2503291637;TALLINN;PLN;10.68;28.53
Valutakurs: 2.671348 Valutapåslag ingår med 2,00 %;;;;;;
2025-03-29;2025-03-31;APTEKA AKSAMITNA;GDANSK;PLN;37.89;101.2
Valutakurs: 2.670889 Valutapåslag ingår med 2,00 %;;;;;;
2025-03-29;2025-03-31;UBR* PENDING.UBER.COM;AMSTERDAM;SEK;0;105
2025-03-29;2025-03-31;NETTO 5546 K.1;GDANSK;PLN;78.96;210.9
Valutakurs: 2.670973 Valutapåslag ingår med 2,00 %;;;;;;
2025-03-29;2025-03-31;SEXY SMASH;GDANSK;PLN;94;251.06
Valutakurs: 2.670851 Valutapåslag ingår med 2,00 %;;;;;;
2025-03-29;2025-03-31;HELP.MAX.COM;STOCKHOLM;SEK;0;64.5
2025-03-28;2025-03-31;LIDL 329 GBG KUNGSGATA;GÖTEBORG;SEK;0;21.9
2025-03-25;2025-03-26;VASTTRAFIK TO GO;SKOVDE;SEK;0;7
2025-03-25;2025-03-26;VASTTRAFIK TO GO;SKOVDE;SEK;0;37
2025-03-23;2025-03-24;PARKERING GÖTEB;GÖTEBORG;SEK;0;382
2025-03-23;2025-03-24;ST1 G¦TEBORG STUREPLAT;G¦TEBORG;SEK;0;270.07
2025-03-23;2025-03-24;VASTTRAFIK TO GO;SKOVDE;SEK;0;37
2025-03-22;2025-03-24;WBDSPORTS;STOCKHOLM;SEK;0;260
2025-03-22;2025-03-24;PARKERING GÖTEB;GÖTEBORG;SEK;0;60
2025-03-22;2025-03-24;MCD LANDVETTER;HÄRRYDA;SEK;0;401
2025-03-22;2025-03-24;WILLYS GOTEBORG HVIT;GOTEBORG;SEK;0;199.7
2025-03-22;2025-03-24;VASTTRAFIK TO GO;SKOVDE;SEK;0;37
2025-03-22;2025-03-24;VASTTRAFIK TO GO;SKOVDE;SEK;0;37
2025-03-21;2025-03-24;SYSTEMBOLAGET;GOETEBORG;SEK;0;368
2025-03-21;2025-03-24;INDISKA HORNET;GOTEBORG;SEK;0;470
2025-03-18;2025-03-18;SPOTIFY P3508EEB5C;STOCKHOLM;SEK;0;119
2025-03-16;2025-03-17;NETFLIX.COM;AMSTERDAM;SEK;0;199
2025-03-15;2025-03-17;TV4 PLAY;STOCKHOLM;SEK;0;299
2025-03-15;2025-03-17;BOLT.EU/O/2503152015;TALLINN;SEK;0;67
2025-03-15;2025-03-17;APOTEK HJARTAT KUNGSGA;GOTEBORG;SEK;0;401.9
2025-03-14;2025-03-17;DINE BURGERS;GOTEBORG;SEK;0;148
2025-03-13;2025-03-13;KLARNA BONNIER-LOCAL;STOCKHOLM;SEK;0;25
2025-03-12;2025-03-14;W*MMSPORTS.SE;ASKIM;SEK;0;979
2025-03-12;2025-03-13;WILLYS GOTEBORG HVIT;GOTEBORG;SEK;0;299.37
2025-03-11;2025-03-12;S O LARSSON;GOTEBORG;SEK;0;89
2025-03-11;2025-03-12;WILLYS GOTEBORG HVIT;GOTEBORG;SEK;0;184.05
2025-03-11;2025-03-12;WILLYS GOTEBORG HVIT;GOTEBORG;SEK;0;375.1
2025-03-10;2025-03-11;S O LARSSON;GOTEBORG;SEK;0;99
2025-03-09;2025-03-10;ST1 S¦DERLEDEN;MELLBYSTRAND;SEK;0;529.19
2025-03-09;2025-03-10;UBR* PENDING.UBER.COM;AMSTERDAM;SEK;0;57
2025-03-07;2025-03-10;LIDL 329 GBG KUNGSGATA;GÖTEBORG;SEK;0;31.9
2025-03-06;2025-03-07;JINX DYNASTY;GOTEBORG;SEK;0;130
2025-03-03;2025-03-04;LIDL 329 GBG KUNGSGATA;GÖTEBORG;SEK;0;21.5
2025-03-02;2025-03-03;LEKIA KUNGSGATAN;GOTEBORG;SEK;0;213.5
2025-03-02;2025-03-03;WILLYS GOTEBORG HVIT;GOTEBORG;SEK;0;253.02
2025-03-02;2025-03-03;KLARNA*SNUSBOLAGET.S;HANINGE;SEK;0;1799.4
2025-03-01;2025-03-03;WILLYS GOTEBORG HVIT;GOTEBORG;SEK;0;157
2025-03-01;2025-03-03;WILLYS GOTEBORG HVIT;GOTEBORG;SEK;0;267.8
2025-03-01;2025-03-03;WILLYS GOTEBORG HVIT;GOTEBORG;SEK;0;245.7
2025-02-28;2025-03-03;HELP.MAX.COM;STOCKHOLM;SEK;0;64.5
2025-02-25;2025-02-26;VASTTRAFIK TO GO;SKOVDE;SEK;0;37
2025-02-25;2025-02-26;VASTTRAFIK TO GO;SKOVDE;SEK;0;37
2025-02-23;2025-02-24;KLARNA*BOKUS.COM;STOCKHOLM;SEK;0;118
2025-02-23;2025-02-24;WILLYS GOTEBORG HVIT;GOTEBORG;SEK;0;382.72
2025-02-23;2025-02-24;WILLYS GOTEBORG HVIT;GOTEBORG;SEK;0;325.7
2025-02-22;2025-02-24;APPLE.COM/BILL;ITUNES.COM;SEK;0;39
2025-02-22;2025-02-24;MOONGLOW;GOTEBORG;SEK;0;1034.25
2025-02-21;2025-02-24;FOODIE;GOTEBORG;SEK;0;169
2025-02-20;2025-02-21;STYLE BARBERSHOP;GOTEBORG;SEK;0;389
2025-02-19;2025-02-20;APOTEK HJARTAT KUNGSGA;GOTEBORG;SEK;0;144.9
2025-02-18;2025-02-20;KOPPS;GOTEBORG;SEK;0;135
2025-02-18;2025-02-20;KOPPS;GOTEBORG;SEK;0;75
2025-02-18;2025-02-19;MU THAI STREET FOOD;GOTEBORG;SEK;0;119
2025-02-18;2025-02-18;SPOTIFY P34286D83D;STOCKHOLM;SEK;0;119
2025-02-17;2025-02-18;VASTTRAFIK TO GO;SKOVDE;SEK;0;22
2025-02-17;2025-02-18;VASTTRAFIK TO GO;SKOVDE;SEK;0;74
2025-02-16;2025-02-17;KLARNA*APOTEA;STOCKHOLM;SEK;0;339
2025-02-16;2025-02-17;FLUGGER AB;GOTEBORG;SEK;0;305.35
2025-02-16;2025-02-17;VASTTRAFIK TO GO;SKOVDE;SEK;0;74
2025-02-16;2025-02-17;NETFLIX.COM;AMSTERDAM;SEK;0;199
2025-02-15;2025-02-17;TV4 PLAY;STOCKHOLM;SEK;0;299
2025-02-15;2025-02-17;VASTTRAFIK TO GO;SKOVDE;SEK;0;74
2025-02-14;2025-02-17;SYSTEMBOLAGET;GOETEBORG;SEK;0;416.6
2025-02-14;2025-02-17;UBR* PENDING.UBER.COM;AMSTERDAM;SEK;0;94
2025-02-14;2025-02-17;AKTIEBOLAGET TI;GOTEBORG;SEK;0;1955.8
2025-02-13;2025-02-14;WILLYS GOTEBORG HVIT;GOTEBORG;SEK;0;526.58
2025-02-13;2025-02-13;KLARNA BONNIER-LOCAL;STOCKHOLM;SEK;0;25
2025-02-12;2025-02-13;NK KOK & DESIGN GBG;GA.TEBORG;SEK;0;179
2025-02-11;2025-02-14;SL;STOCKHOLM;SEK;0;43
2025-02-11;2025-02-12;PRESSBYRAN 4250150;STOCKHOLM;SEK;0;81
2025-02-11;2025-02-12;POTTAN - GÖTEBO;GOTEBORG;SEK;0;10
2025-02-11;2025-02-12;VASTTRAFIK TO GO;SKOVDE;SEK;0;37
2025-02-10;2025-02-11;7-ELEVEN 4015207;GOETEBORG;SEK;0;10
2025-02-10;2025-02-11;THE HILLS STOCK;STOCKHOLM;SEK;0;3890.25
2025-02-10;2025-02-11;SL;STOCKHOLM;SEK;0;43
2025-02-09;2025-02-10;JOTEX SWEDEN AB;BORAS;SEK;0;259.3
2025-02-09;2025-02-10;WILLYS GOTEBORG HVIT;GOTEBORG;SEK;0;403.05
2025-02-09;2025-02-10;WILLYS GOTEBORG HVIT;GOTEBORG;SEK;0;174.17
2025-02-08;2025-02-10;VASTTRAFIK TO GO;SKOVDE;SEK;0;74
2025-02-07;2025-02-10;NINTENDO CA1353251228;FRANKFURT AM;SEK;0;1049
2025-02-06;2025-02-07;ZETTLE_*MINDPARK GOTEB;GOTEBORG;SEK;0;96
2025-02-04;2025-02-06;W*MMSPORTS.SE;ASKIM;SEK;0;979
2025-02-03;2025-02-05;KOPPS;GOTEBORG;SEK;0;85
2025-02-03;2025-02-05;KOPPS;GOTEBORG;SEK;0;114
2025-02-03;2025-02-04;MADE IN CHINA;GOETEBORG;SEK;0;474.6
2025-02-02;2025-02-03;HOTELL ANNO 164;LINKOPING;SEK;0;5543
2025-02-02;2025-02-03;WILLYS GOTEBORG HVIT;GOTEBORG;SEK;0;93.8
2025-02-02;2025-02-03;WILLYS GOTEBORG HVIT;GOTEBORG;SEK;0;326.37
2025-02-02;2025-02-03;WILLYS GOTEBORG HVIT;GOTEBORG;SEK;0;299
2025-02-02;2025-02-03;VASTTRAFIK TO GO;SKOVDE;SEK;0;74
2025-02-02;2025-02-03;BOLT.EU/O/2502020828;TALLINN;SEK;0;99
2025-02-01;2025-02-03;WILLYS GOTEBORG HVIT;GOTEBORG;SEK;0;366.99
2025-02-01;2025-02-03;LIDL 329 GBG KUNGSGATA;GÖTEBORG;SEK;0;23.5
2025-01-30;2025-01-31;HELP.MAX.COM;STOCKHOLM;SEK;0;64.5
2025-01-28;2025-01-29;VASTTRAFIK TO GO;SKOVDE;SEK;0;37
2025-01-27;2025-01-28;APOTEK HJARTAT KUNGSGA;GOTEBORG;SEK;0;179
2025-01-26;2025-01-28;SORELLINA;GOTEBORG;SEK;0;544.5
2025-01-26;2025-01-27;SWEET*JACY Z HOTEL RES;STOCKHOLM;SEK;0;195
2025-01-26;2025-01-27;UBR* PENDING.UBER.COM;AMSTERDAM;SEK;0;107
2025-01-26;2025-01-27;WILLYS GOTEBORG HVIT;GOTEBORG;SEK;0;423.1
2025-01-26;2025-01-27;WILLYS GOTEBORG HVIT;GOTEBORG;SEK;0;227.4
2025-01-26;2025-01-27;VASTTRAFIK TO GO;SKOVDE;SEK;0;74
2025-01-24;2025-01-27;S O LARSSON;GOTEBORG;SEK;0;89
2025-01-24;2025-01-27;WILLYS GOTEBORG HVIT;GOTEBORG;SEK;0;264.42
2025-01-23;2025-01-24;JINX DYNASTY;GOTEBORG;SEK;0;130
2025-01-22;2025-01-23;S O LARSSON;GOTEBORG;SEK;0;178
2025-01-21;2025-01-23;KOPPS;GOTEBORG;SEK;0;75
2025-01-21;2025-01-23;KOPPS;GOTEBORG;SEK;0;195
2025-01-19;2025-01-20;VASTTRAFIK TO GO;SKOVDE;SEK;0;74
2025-01-18;2025-01-20;VASTTRAFIK TO GO;SKOVDE;SEK;0;74
2025-01-18;2025-01-20;SPOTIFY P33524CE41;STOCKHOLM;SEK;0;119
2025-01-17;2025-01-20;MOONGLOW;GOTEBORG;SEK;0;1502.55
2025-01-16;2025-01-17;KLARNA*SNUSBOLAGET.S;STOCKHOLM;SEK;0;1799.4
2025-01-16;2025-01-16;NETFLIX.COM;AMSTERDAM;SEK;0;199
2025-01-15;2025-01-16;WILLYS GOTEBORG HVIT;GOTEBORG;SEK;0;223
2025-01-14;2025-01-15;K SMILE ETT4;GÖTEBORG;SEK;0;1445
2025-01-13;2025-01-14;KLARNA*BONNIER-LOCAL;INTERNET;SEK;0;25
2025-01-12;2025-01-13;WILLYS GOTEBORG HVIT;GOTEBORG;SEK;0;204.66
2025-01-12;2025-01-13;WILLYS GOTEBORG HVIT;GOTEBORG;SEK;0;173.22
2025-01-07;2025-01-10;W*MMSPORTS.SE;ASKIM;SEK;0;979
2025-01-07;2025-01-08;WILLYS GOTEBORG HVIT;GOTEBORG;SEK;0;295.19
2025-01-04;2025-01-07;BOLT.EU/O/2501040117;TALLINN;SEK;0;95
2025-01-03;2025-01-03;ELGIGANTEN.SE;KISTAD;SEK;0;-899
2025-01-02;2025-01-03;ELGIGANTEN.SE;KISTAD;SEK;0;21694
2025-01-02;2025-01-03;SVEA*GRANSBYGDEN.S;MARKARYD;SEK;0;14744.25
2025-01-02;2025-01-03;WILLYS GOTEBORG HVIT;GOTEBORG;SEK;0;306.89
2025-01-01;2025-01-02;NINTENDO CA1331955736;FRANKFURT AM;SEK;0;101
2024-12-31;2025-01-02;SYSTEMBOLAGET;GOETEBORG;SEK;0;476
2024-12-31;2025-01-02;WILLYS GOTEBORG HVIT;GOTEBORG;SEK;0;290.5
2024-12-31;2025-01-02;WILLYS GOTEBORG HVIT;GOTEBORG;SEK;0;293.1
2024-12-31;2025-01-02;SYSTEMBOLAGET;GOETEBORG;SEK;0;1110.9
2024-12-30;2025-01-02;HELP.MAX.COM;STOCKHOLM;SEK;0;64.5
2024-12-30;2025-01-02;HALLANDSTRAFIKE;FALKENBERG;SEK;0;393
2024-12-29;2024-12-30;FOODMARKET I HALMSTAD;HALMSTAD;SEK;0;140
2024-12-29;2024-12-30;JYSK STENALYCKAN;HALMSTAD;SEK;0;269
2024-12-29;2024-12-30;LAGERHAUS HALMSTAD HAL;HALMSTAD;SEK;0;59
2024-12-26;2024-12-27;HALLANDSTRAFIKE;FALKENBERG;SEK;0;393
2024-12-25;2024-12-27;NYX*PARKOCHNATURFOERVA;GOETEBORG;SEK;0;5
2024-12-25;2024-12-27;UBR* PENDING.UBER.COM;AMSTERDAM;SEK;0;76
2024-12-25;2024-12-27;UBR* PENDING.UBER.COM;AMSTERDAM;SEK;0;94
2024-12-24;2024-12-27;WILLYS GOTEBORG HVIT;GOTEBORG;SEK;0;337.95
2024-12-23;2024-12-27;BOLT.EU/O/2412231703;TALLINN;SEK;0;139
2024-12-23;2024-12-27;FESKEKORKA;GOTEBORG;SEK;0;520
2024-12-23;2024-12-27;UBR* PENDING.UBER.COM;AMSTERDAM;SEK;0;94
2024-12-23;2024-12-27;WILLYS GOTEBORG HVIT;GOTEBORG;SEK;0;66.7
2024-12-23;2024-12-27;WILLYS GOTEBORG HVIT;GOTEBORG;SEK;0;110.7
2024-12-22;2024-12-23;VALLGATAN 12 FA;GOTEBORG;SEK;0;2200
2024-12-22;2024-12-23;WILLYS GOTEBORG HVIT;GOTEBORG;SEK;0;295.78
2024-12-22;2024-12-23;WILLYS GOTEBORG HVIT;GOTEBORG;SEK;0;584.7
2024-12-20;2024-12-23;SYSTEMBOLAGET;GOETEBORG;SEK;0;714.6
2024-12-20;2024-12-23;FOODORA AB;STOCKHOLM;SEK;0;459
2024-12-20;2024-12-23;STYLE BARBERSHOP;GOTEBORG;SEK;0;588
2024-12-18;2024-12-18;SPOTIFY P3275C400D;STOCKHOLM;SEK;0;119
2024-12-16;2024-12-17;APOTEK HJARTAT KUNGSGA;GOTEBORG;SEK;0;177.9
2024-12-16;2024-12-16;NETFLIX.COM;AMSTERDAM;SEK;0;199
2024-12-15;2024-12-16;SP BBC3C4;SPARSOR;SEK;0;1116.8
2024-12-15;2024-12-16;HALLANDSTRAFIKE;FALKENBERG;SEK;0;755.44
2024-12-14;2024-12-16;RICHMONDHOTEL;COPENHAGEN;DKK;1556.1;2468.67
Valutakurs: 1.586447 Valutapåslag ingår med 2,00 %;;;;;;
2024-12-14;2024-12-16;ZOCALO TIVOLI FOOD P;KOEBENHAVN;DKK;185;293.49
Valutakurs: 1.586432 Valutapåslag ingår med 2,00 %;;;;;;
2024-12-14;2024-12-16;TIVOLI AS;KOEBENHAVN V;DKK;180;285.56
Valutakurs: 1.586444 Valutapåslag ingår med 2,00 %;;;;;;
2024-12-14;2024-12-16;TESALON TIVOLI;KOEBENHAVN V;DKK;85;134.84
Valutakurs: 1.586353 Valutapåslag ingår med 2,00 %;;;;;;
2024-12-14;2024-12-16;TIVOLI INDG. - 922960;COPENHAGEN;DKK;200;317.29
Valutakurs: 1.58645 Valutapåslag ingår med 2,00 %;;;;;;
2024-12-13;2024-12-16;HALLANDSTRAFIKE;FALKENBERG;SEK;0;238
2024-12-13;2024-12-13;KLARNA*BONNIER-LOCAL;STOCKHOLM;SEK;0;25
2024-12-12;2024-12-13;S O LARSSON;GOTEBORG;SEK;0;89
2024-12-11;2024-12-12;SL;STOCKHOLM;SEK;0;84
2024-12-10;2024-12-11;AHLENS GOETEBORG KUNGS;GOETEBORG;SEK;0;300
2024-12-10;2024-12-11;AKADEMIBOKHANDE;GÖTEBORG;SEK;0;199
2024-12-10;2024-12-11;WILLYS GOTEBORG HVIT;GOTEBORG;SEK;0;111.9
2024-12-08;2024-12-09;7-ELEVEN 4515158;GOETEBORG;SEK;0;100
2024-12-08;2024-12-09;BOLT.EU/O/2412082128;TALLINN;SEK;0;99
2024-12-08;2024-12-09;PARKERING GÖTEB;GÖTEBORG;SEK;0;4
2024-12-07;2024-12-09;WILLYS GOTEBORG HVIT;GOTEBORG;SEK;0;213.87
2024-12-07;2024-12-09;WILLYS GOTEBORG HVIT;GOTEBORG;SEK;0;201.68
2024-12-07;2024-12-09;KLARNA*SNUSBOLAGET.S;STOCKHOLM;SEK;0;2314.2
2024-12-06;2024-12-09;SYSTEMBOLAGET;GOETEBORG;SEK;0;895.2
2024-12-06;2024-12-09;WILLYS GOTEBORG HVIT;GOTEBORG;SEK;0;433.94
2024-12-05;2024-12-06;SYSTEMBOLAGET;GOETEBORG;SEK;0;996
2024-12-05;2024-12-06;LINDSTROEM  SONDEN AB;AENGELHOLM;SEK;0;9934
2024-12-05;2024-12-06;WILLYS GOTEBORG HVIT;GOTEBORG;SEK;0;434.8
2024-12-05;2024-12-06;WILLYS GOTEBORG HVIT;GOTEBORG;SEK;0;459.9
2024-12-01;2024-12-02;BOPLATS GÖTEBOR;GOTEBORG;SEK;0;200
2024-12-01;2024-12-02;WILLYS GOTEBORG HVIT;GOTEBORG;SEK;0;32.9
2024-11-30;2024-12-02;HELP.MAX.COM;STOCKHOLM;SEK;0;64.5
2024-11-30;2024-12-02;ELGIGANTEN.SE;KISTAD;SEK;0;10490
2024-11-30;2024-12-02;KLARNA*VITVARUEXPERT;INTERNET;SEK;0;7338
2024-11-30;2024-12-02;WILLYS GOTEBORG HVIT;GOTEBORG;SEK;0;235.9
2024-11-30;2024-12-02;WILLYS GOTEBORG HVIT;GOTEBORG;SEK;0;311.08
2024-11-29;2024-12-02;SYSTEMBOLAGET;GOETEBORG;SEK;0;215.1
2024-11-29;2024-12-02;WILLYS GOTEBORG HVIT;GOTEBORG;SEK;0;116.74
2024-11-29;2024-12-02;WILLYS GOTEBORG HVIT;GOTEBORG;SEK;0;270.1
2024-11-29;2024-12-02;FOODIE;GOTEBORG;SEK;0;169
2024-11-27;2024-12-02;W*MMSPORTS.SE;ASKIM;SEK;0;1581
Totalt belopp;;;;;;422527.0600000002
